CARI_KOD,CARI_ISIM
"120-01-001","TIDEWATER AGRICULTURAL MACHINES INC"
"120-01-002","WRENFIELD MACHINERY CO"
"120-01-003","KEYSTONE PACKAGING SYSTEMS LTD"
"120-01-004","JUNIPER AGRICULTURAL MACHINES INC"
"120-01-005","BEACON AUTO PARTS INC"
"120-01-006","SLATEFORD CONVEYOR SYSTEMS INC"
"120-01-007","EMBER PUMP WORKS LTD"
"120-01-008","SLATEFORD PACKAGING SYSTEMS LTD"
"120-01-009","WRENFIELD PUMP WORKS LTD"
"120-01-010","DRIFTWOOD PACKAGING SYSTEMS LTD"
"120-01-011","EMBER PLASTICS CO"
"120-01-012","FALCON FOOD MACHINERY LTD"
"120-01-013","HAZELTON ELEVATOR SYSTEMS CO"
"120-01-014","SUMMIT HYDRAULICS CO"
"120-01-015","VERDANT HYDRAULICS CO"
"120-01-016","GRANITE ELEVATOR SYSTEMS CO"
"120-01-017","SLATEFORD GEARBOX SERVICE INC"
"120-01-018","UPLAND FOOD MACHINERY LTD"
"120-01-019","EMBER AGRICULTURAL MACHINES CO"
"120-01-020","QUILLON GEARBOX SERVICE CO"
"120-01-021","WILLOW FOOD MACHINERY CO"
"120-01-022","INDIGO TEXTILE MACHINES CO"
"120-01-023","KEYSTONE ELEVATOR SYSTEMS LTD"
"120-01-024","MERIDIAN MINING SUPPLY INC"
"120-02-001","WILLOW MINING SUPPLY CO"
"120-02-002","KEYSTONE AUTO PARTS LTD"
"120-02-003","ONYX HYDRAULICS INC"
"120-02-004","BIRCHWOOD GEARBOX SERVICE INC"
"120-02-005","HARBOR AGRICULTURAL MACHINES CO"
"120-02-006","PEBBLEFORD PUMP WORKS LTD"
"120-02-007","BASALT AUTO PARTS CO"
"120-02-008","ONYX MINING SUPPLY LTD"
"120-02-009","NIMBUS AUTO PARTS CO"
"120-02-010","TIDEWATER FOOD MACHINERY CO"
"120-02-011","GRANITE PUMP WORKS CO"
"120-02-012","PINNACLE MACHINERY INC"
"120-02-013","EMBER HYDRAULICS INC"
"120-02-014","CRESCENT ELEVATOR SYSTEMS CO"
"120-02-015","COPPERLINE PUMP WORKS INC"
"120-02-016","SUMMIT PACKAGING SYSTEMS INC"
"120-02-017","EMBER PLASTICS LTD"
"120-02-018","JASPER HYDRAULICS INC"
"120-03-001","DRIFTWOOD TEXTILE MACHINES LTD"
"120-03-002","MISC. SALES - MAIN DEPOT"
"120-03-003","SLATEFORD CEMENT EQUIPMENT CO"
"120-03-004","SUMMIT MACHINERY INC"
"120-03-005","SLATEFORD PLASTICS CO"
"120-03-006","HERONWAY MACHINERY INC"
"120-03-007","FERNHILL GEARBOX SERVICE CO"
"120-03-008","YARROW TEXTILE MACHINES CO"
"120-03-009","NIMBUS PUMP WORKS LTD"
"120-03-010","VALEMONT CEMENT EQUIPMENT INC"
"120-03-011","DUNMORE TEXTILE MACHINES LTD"
"120-03-012","YARROW PLASTICS LTD"
"120-04-001","STOCK COUNT DIFFERENCES 2021"
"120-05-001","REDSTONE PUMP WORKS CO"
"120-05-002","VERDANT TEXTILE MACHINES INC"
"120-05-003","SABLE HYDRAULICS CO"
"120-05-004","ELMSTEAD TEXTILE MACHINES INC"
"120-05-005","COBALT HYDRAULICS CO"
"120-05-006","MERIDIAN MACHINERY INC"
"120-05-007","WRENFIELD MACHINERY INC"
"120-05-008","FLINTRIDGE AGRICULTURAL MACHINES INC"
"120-05-009","FLINTRIDGE FOOD MACHINERY LTD"
"120-05-010","BASALT PLASTICS LTD"
"120-05-011","INDIGO ELEVATOR SYSTEMS CO"
"120-05-012","BASALT GEARBOX SERVICE CO"
"120-05-013","TIDEWATER GEARBOX SERVICE LTD"
"120-05-014","GRANITE MACHINERY LTD"
"120-05-015","VALEMONT HYDRAULICS INC"
"120-05-016","DRIFTWOOD CEMENT EQUIPMENT INC"
"120-05-017","PINNACLE FOOD MACHINERY CO"
"120-05-018","ONYX PLASTICS CO"
"120-05-019","PEBBLEFORD CEMENT EQUIPMENT LTD"
"120-05-020","SABLE MACHINERY INC"
"120-05-021","UMBER AGRICULTURAL MACHINES CO"
"120-05-022","ELMSTEAD PUMP WORKS LTD"
"120-05-023","SLATEFORD ELEVATOR SYSTEMS LTD"
"120-05-024","INDIGO METAL WORKS LTD"
"120-05-025","REDSTONE ELEVATOR SYSTEMS CO"
"120-05-026","ASTER AGRICULTURAL MACHINES LTD"
"120-05-027","ZENITH FOOD MACHINERY INC"
"120-05-028","QUARRY CONVEYOR SYSTEMS LTD"
"120-05-029","ANVIL MACHINERY CO"
"120-05-030","UMBER CEMENT EQUIPMENT CO"
"120-07-001","SUMMIT PLASTICS CO"
"120-07-002","HERONWAY MINING SUPPLY CO"
"120-07-003","LINDEN TEXTILE MACHINES LTD"
"120-07-004","ELMSTEAD CEMENT EQUIPMENT CO"
"120-07-005","QUARRY CEMENT EQUIPMENT INC"
"120-07-006","BIRCHWOOD AGRICULTURAL MACHINES LTD"
"120-07-007","COBALT CEMENT EQUIPMENT LTD"
"120-07-008","DUNMORE CONVEYOR SYSTEMS CO"
"120-07-009","OAKRIDGE AUTO PARTS LTD"
"120-07-010","CRESCENT ELEVATOR SYSTEMS INC"
"120-07-011","INDIGO AGRICULTURAL MACHINES LTD"
"120-07-012","CRESCENT METAL WORKS LTD"
"120-07-013","MERIDIAN MACHINERY CO"
"120-07-014","HERONWAY GEARBOX SERVICE CO"
"120-07-015","DRIFTWOOD PUMP WORKS CO"
"120-09-001","INVENTORY ADJUSTMENT 2022"
"120-10-001","ONYX CONVEYOR SYSTEMS CO"
"120-10-002","RAVENSCAR AGRICULTURAL MACHINES LTD"
"120-10-003","ELMSTEAD HYDRAULICS CO"
"120-10-004","LANTERN PUMP WORKS LTD"
"120-10-005","LINDEN ELEVATOR SYSTEMS LTD"
"120-10-006","MAPLE MACHINERY CO"
"120-10-007","JUNIPER CEMENT EQUIPMENT CO"
"120-10-008","MAPLE PUMP WORKS LTD"
"120-10-009","UPLAND PACKAGING SYSTEMS LTD"
"120-10-010","GLENROCK PACKAGING SYSTEMS LTD"
"120-10-011","QUARRY GEARBOX SERVICE LTD"
"120-10-012","THORNFIELD MINING SUPPLY CO"
"120-10-013","REDSTONE FOOD MACHINERY CO"
"120-10-014","CEDAR FOOD MACHINERY CO"
"120-10-015","CEDAR AGRICULTURAL MACHINES INC"
"120-10-016","ASTER MACHINERY INC"
"120-10-017","DRIFTWOOD PACKAGING SYSTEMS CO"
"120-10-018","UMBER FOOD MACHINERY INC"
"120-10-019","UMBER PUMP WORKS LTD"
"120-10-020","OAKRIDGE HYDRAULICS INC"
"120-10-021","FLINTRIDGE ELEVATOR SYSTEMS CO"
"120-10-022","BASALT PACKAGING SYSTEMS LTD"
"120-11-001","GENERAL ACCOUNT 3"
"120-12-001","WILLOW MACHINERY CO"
"120-12-002","HARBOR METAL WORKS INC"
"120-12-003","ASTER FOOD MACHINERY CO"
"120-12-004","MERIDIAN FOOD MACHINERY CO"
"120-12-005","PEBBLEFORD FOOD MACHINERY INC"
"120-12-006","ALDERWAY PLASTICS INC"
"120-12-007","UPLAND ELEVATOR SYSTEMS CO"
"120-12-008","OAKRIDGE PACKAGING SYSTEMS INC"
"120-12-009","WALK-IN CUSTOMERS"
"120-12-010","THORNFIELD FOOD MACHINERY LTD"
"120-14-001","DEPOT OPERATIONS"
"120-15-001","SUMMIT AGRICULTURAL MACHINES INC"
"120-15-002","KEYSTONE AGRICULTURAL MACHINES CO"
"120-15-003","TIDEWATER MACHINERY CO"
"120-15-004","NIMBUS CONVEYOR SYSTEMS CO"
"120-15-005","DUNMORE HYDRAULICS CO"
"120-15-006","ASTER PUMP WORKS INC"
"120-15-007","FLINTRIDGE FOOD MACHINERY CO"
"120-15-008","JUNIPER AGRICULTURAL MACHINES CO"
"120-15-009","VERDANT MINING SUPPLY INC"
"120-15-010","LINDEN MACHINERY LTD"
"120-15-011","UMBER PUMP WORKS INC"
"120-15-012","QUARRY AGRICULTURAL MACHINES INC"
"120-15-013","PEBBLEFORD AUTO PARTS INC"
"120-15-014","FALCON AGRICULTURAL MACHINES INC"
"120-15-015","REDSTONE TEXTILE MACHINES LTD"
"120-15-016","IRONWOOD ELEVATOR SYSTEMS INC"
"120-15-017","BASALT PLASTICS INC"
"120-15-018","FERNHILL AUTO PARTS CO"
"120-15-019","DRIFTWOOD PLASTICS INC"
"120-16-001","KEYSTONE AUTO PARTS INC"
"120-16-002","STOCK COUNT 2025"
"120-20-001","NORTHGATE METAL WORKS LTD"
"320-01-001","UPLAND POWER TRANSMISSION CO"
"320-01-002","OAKRIDGE PRECISION COMPONENTS INC"
"320-01-003","SUMMIT DRIVE SYSTEMS CO"
"320-01-004","COPPERLINE MOTION PARTS CO"
"320-01-005","LINDEN DRIVE SYSTEMS CO"
"320-01-006","MARBLEWAY BEARING INDUSTRIES CO"
"320-01-007","LINDEN PRECISION COMPONENTS INC"
"320-01-008","ALDERWAY POWER TRANSMISSION INC"
"320-01-009","UPLAND SEALING TECHNOLOGIES LTD"
"320-01-010","INDIGO DRIVE SYSTEMS CO"
"320-01-011","ONYX BEARING INDUSTRIES LTD"
"320-01-012","DUNMORE DRIVE SYSTEMS CO"
"320-01-013","MAPLE PRECISION COMPONENTS INC"
"320-01-014","BASALT PRECISION COMPONENTS INC"
"320-02-001","BEACON MACHINE PARTS CO"
"320-02-002","GRANITE SEALING TECHNOLOGIES INC"
"320-02-003","CRESCENT INDUSTRIAL SUPPLY CO"
"320-02-004","PEBBLEFORD MACHINE PARTS INC"
"320-02-005","GRANITE MACHINE PARTS CO"
"320-02-006","ANVIL INDUSTRIAL SUPPLY LTD"
"320-02-007","BASALT MACHINE PARTS LTD"
"320-02-008","JUNIPER DRIVE SYSTEMS LTD"
"320-02-009","QUILLON MOTION PARTS CO"
"320-02-010","ALDERWAY PRECISION COMPONENTS LTD"
"320-02-011","BEACON BEARING TRADE LTD"
"320-02-012","DUNMORE MACHINE PARTS CO"
"320-02-013","MERIDIAN TRANSMISSION PARTS LTD"
"320-02-014","OAKRIDGE INDUSTRIAL SUPPLY CO"
"320-02-015","KILNWORTH MOTION PARTS CO"
"320-02-016","WRENFIELD INDUSTRIAL SUPPLY CO"
"320-02-017","GRANITE BEARING INDUSTRIES LTD"
"320-02-018","ASTER BEARING TRADE INC"
"A00247","ANVIL CEMENT EQUIPMENT CO"
"A00779","HAZELTON PUMP WORKS INC"
"A00911","WILLOW AGRICULTURAL MACHINES LTD"
"A01157","SABLE FOOD MACHINERY CO"
"A02452","ALDERWAY PUMP WORKS INC"
"A02704","JASPER GEARBOX SERVICE CO"
"A03157","MARBLEWAY MACHINERY INC"
"A03229","HERONWAY TEXTILE MACHINES CO"
"A03429","LANTERN MINING SUPPLY INC"
"A03784","BEACON PLASTICS INC"
"A04111","MAPLE HYDRAULICS CO"
"A04247","ANVIL GEARBOX SERVICE LTD"
"A04577","COBALT MINING SUPPLY LTD"
"A04616","RAVENSCAR MINING SUPPLY LTD"
"A04828","GRANITE TEXTILE MACHINES CO"
"A04902","UPLAND ELEVATOR SYSTEMS LTD"
"A04921","ALDERWAY AGRICULTURAL MACHINES CO"
"A04929","ALDERWAY GEARBOX SERVICE CO"
"A05019","ANVIL AUTO PARTS CO"
"A05210","MERIDIAN CONVEYOR SYSTEMS LTD"
"A05497","PINNACLE FOOD MACHINERY LTD"
"A06061","ALDERWAY PACKAGING SYSTEMS LTD"
"A06188","TIDEWATER PACKAGING SYSTEMS CO"
"A06429","ASTER CONVEYOR SYSTEMS INC"
"A07163","REDSTONE PACKAGING SYSTEMS LTD"
"A07501","ASTER AUTO PARTS INC"
"A07669","DUNMORE ELEVATOR SYSTEMS LTD"
"A08540","INDIGO AUTO PARTS INC"
"A08750","CEDAR MACHINERY LTD"
"A09133","CASH SALES"
"A09369","EMBER MACHINERY CO"
"S02259","HAZELTON SEALING TECHNOLOGIES LTD"
"S05728","IRONWOOD MACHINE PARTS CO"
"S05749","JUNIPER PRECISION COMPONENTS INC"
"S06202","PINNACLE TRANSMISSION PARTS INC"
"S06403","FERNHILL MACHINE PARTS LTD"
"S06413","CRESCENT BEARING INDUSTRIES CO"
"S06644","SLATEFORD POWER TRANSMISSION CO"
"S07898","SLATEFORD DRIVE SYSTEMS LTD"
