STOK_KODU,BAKIYE
" 50x67x12-NBR-TDR","129"
" 6009-ZZ-KDX","113"
" 6910-2RS-C3-VRN","17"
"100x112x7-NBR-ORL","65"
"100x115x10-FKM-ORL","79"
"100x120x12-NBR-ORL","166"
"100x122x12-NBR-ORL","156"
"100x122x7-FKM-TDR","41"
"100x125x10-FKM-ORL","47"
"100x125x7-FKM-ORL","60"
"100x125x7-FKM-TDR","246"
"105x117x8-NBR-TDR","39"
"105x120x10-FKM-ORL","276"
"105x120x10-NBR-ORL","120"
"105x122x12-NBR-ORL","215"
"105x125x10-NBR-ORL","67"
"105x125x12-NBR-ORL","29"
"105x130x12-NBR-ORL","65"
"10x22x7-FKM-TDR","183"
"10x27x12-NBR-ORL","182"
"10x27x8-FKM-ORL","36"
"10x30x10-FKM-TDR","36"
"10x30x7-FKM-ORL","103"
"10x32x10-NBR-TDR","18"
"10x32x7-NBR-ORL","137"
"10x35x12-NBR-ORL","82"
"10x35x12-NBR-TDR","12"
"10x35x8-FKM-ORL","174"
"110x125x10-FKM-TDR","126"
"110x125x10-NBR-ORL","33"
"110x125x10-NBR-TDR","80"
"110x127x8-NBR-ORL","255"
"110x130x8-FKM-TDR","0"
"110x135x8-FKM-ORL","70"
"110x140x10-FKM-TDR","224"
"110x140x10-NBR-ORL","0"
"110x140x7-NBR-ORL","4"
"115x135x12-FKM-ORL","144"
"115x135x12-NBR-ORL","101"
"115x135x12-NBR-TDR","204"
"115x137x12-NBR-ORL","72"
"115x137x12-NBR-TDR","23"
"115x145x10-NBR-ORL","62"
"1205-KDX","12"
"1205-TDR","66"
"1206-VRN","16"
"1207-TDR","5"
"1208-TDR","60"
"1209-VRN","69"
"120x132x7-NBR-ORL","145"
"120x137x12-FKM-ORL","156"
"120x137x7-NBR-ORL","251"
"120x137x8-NBR-TDR","154"
"120x140x8-FKM-TDR","14"
"120x142x7-FKM-ORL","107"
"120x142x7-NBR-TDR","55"
"1210-VRN","50"
"15x32x12-NBR-ORL","239"
"15x35x12-NBR-TDR","76"
"15x35x7-FKM-ORL","-4"
"15x35x7-FKM-TDR","130"
"15x35x7-NBR-ORL","38"
"15x35x7-NBR-TDR","46"
"15x40x7-NBR-ORL","116"
"15Ã—30Ã—12-NBR-TDR","41"
"20x32x7-NBR-ORL","72"
"20x45x8-FKM-ORL","116"
"20x50x12-NBR-ORL","160"
"2206--VRN","116"
"2207-VRN","180"
"2209-VRN","17"
"2210-KDX","37"
"25x37x12-FKM-TDR","64"
"25x40x7-FKM-ORL","4"
"25x42x12-NBR-TDR","173"
"25x42x7-NBR-ORL","30"
"25x42x8-FKM-ORL","118"
"25x42x8-FKM-TDR","69"
"25x45x7–NBR-TDR","101"
"25x47x10-NBR-ORL","49"
"25x47x7-NBR-TDR","127"
"25x50x8-NBR-TDR","72"
"25x55x10-NBR-TDR","757"
"30205-VRN","155"
"30206-TDR","33"
"30208-KDX","13"
"30209-KDX","35"
"30210-TDR","212"
"30212-KDX","39"
"30x47x8-NBR-ORL","35"
"30x50x10-FKM-ORL","68"
"30x50x10-FKM-TDR","79"
"30x60x7-NBR-ORL","9"
"32205-TDR","132"
"32207-ZLT","45"
"32208-KDX","40"
"32208-VRN","60"
"32208-ZLT","34"
"32209-VRN","124"
"32210-KDX","82"
"32211-VRN","16"
"35x52x10-NBR-ORL","203"
"35x55x7-NBR-TDR","250"
"35x57x12-FKM-ORL","135"
"35x57x8--NBR-ORL","376"
"35x60x10-NBR-ORL","28"
"40x52x8-NBR-ORL","26"
"40x55x12-NBR-ORL","262"
"40x55x7-FKM-TDR","120"
"40x57x10-NBR-ORL","310"
"40x60x7-NBR-ORL","112"
"40x60x8-NBR-ORL","19"
"40x62x10-FKM-ORL","156"
"40x62x10-FKM-TDR","73"
"40x62x10-NBR-TDR","44"
"40x65x8-FKM-ORL","6"
"45x57x7-FKM-ORL","81"
"45x57x7-FKM-TDR","14"
"45x57x7-NBR-ORL","49"
"45x57x8-NBR-ORL","69"
"45x75x7-NBR-ORL","311"
"45x75x8-FKM-TDR","23"
"50x65x12-NBR-ORL","271"
"50x65x8-NBR-TDR","197"
"50x67x8-NBR-TDR","14"
"50x75x10-NBR-TDR","31"
"50x75x12-FKM-ORL","116"
"50x80x10-NBR-ORL","140"
"55x67x12-NBR-ORL","33"
"55x72x12-NBR-ORL ","39"
"55x72x7-NBR-ORL","27"
"55x72x8-NBR-ORL","14"
"55x77x8-NBR-TDR","-8"
"6000-2RS-C3-KDX","-3"
"6000-2RS-C3-ZLT","40"
"6000-2RS-TDR","36"
"6000-2RS-VRN","15"
"6000-KDX","211"
"6000-ZZ-KDX","65"
"6001-TDR","45"
"6001-ZZ-KDX","95"
"6001-ZZ-TDR","0"
"6001-ZZ-VRN","158"
"6001-ZZ-ZLT","44"
"6002-2RS-C3-KDX","127"
"6002-2RS-VRN","16"
"6002-KDX","66"
"6002-ZZ-VRN","64"
"6003-2RS-C3-ZLT","26"
"6003-2RS-VRN","0"
"6003-ZLT ","34"
"6003-ZZ-KDX","225"
"6004-2RS-KDX","55"
"6004-2RS-TDR","37"
"6004-2RS-ZLT","5"
"6004-VRN","31"
"6004-ZZ-VRN","6"
"6005--2RS-VRN","38"
"6005-TDR","28"
"6005-VRN","18"
"6005-ZZ-KDX","26"
"6005-ZZ-TDR","21"
"6005-ZZ-VRN","37"
"6006-2RS-C3-KDX","26"
"6006-ZZ-TDR","36"
"6007-2RS-C3-VRN","154"
"6007-KDX","98"
"6007-ZZ-KDX","31"
"6008-2RS-ZLT","18"
"6008-VRN","62"
"6008-ZZ-KDX","239"
"6009-2RS-C3-KDX","41"
"6009-2RS-TDR","0"
"6009-VRN","13"
"6009-ZZ-VRN","70"
"6010-2RS-C3-TDR","18"
"6010-2RS-TDR","76"
"6010-2RS-VRN","133"
"6010-KDX","78"
"6010-ZZ-VRN","58"
"6011-2RS-C3-VRN","66"
"6011-2RS-KDX ","35"
"6011-KDX","30"
"6011-TDR","47"
"6011-VRN","29"
"6011-ZLT","172"
"6011-ZZ-VRN","155"
"6012-2RS-C3-ZLT","114"
"6012-2RS-KDX","152"
"6012-ZZ-TDR","79"
"60x72x8-FKM-ORL","105"
"60x75x12-NBR-ORL","237"
"60x82x10-NBR-ORL","75"
"60x82x12-NBR-TDR","56"
"60x85x10-FKM-TDR","59"
"60x85x12-FKM-ORL","33"
"60x85x12-NBR-ORL","118"
"60x90x12-NBR-ORL","71"
"60Ã—85Ã—12-FKM-TDR","164"
"6200-VRN","256"
"6200-ZLT","149"
"6200-ZZ-KDX","101"
"6201-2RS-C3-VRN","233"
"6201-TDR","49"
"6201-ZZ-VRN","100"
"6202--ZZ-KDX","68"
"6202-2RS-C3-KDX","24"
"6202-2RS-C3-TDR","24"
"6202-2RS-C3-VRN","5"
"6202-2RS-KDX","51"
"6202-VRN","378"
"6203-2RS-C3-KDX","22"
"6203-2RS-C3-VRN","0"
"6203-2RS-TDR","50"
"6203-VRN","12"
"6203-ZZ-VRN","0"
"6204-2RS-C3-KDX","291"
"6204-2RS-TDR","163"
"6204-KDX","0"
"6204-ZZ-VRN","13"
"6205-2RS-VRN","4"
"6205-ZZ-VRN","20"
"6206-2RS-C3-KDX","27"
"6206-2RS-C3-VRN","29"
"6206-2RS-C3-ZLT","77"
"6206-KDX","77"
"6206-VRN","106"
"6206-ZLT","29"
"6207-2RS-C3-KDX","62"
"6207-2RS-KDX","0"
"6207-KDX","10"
"6207-ZZ-KDX","167"
"6208-2RS-C3-VRN","29"
"6208-KDX","52"
"6209-2RS-C3-TDR","9"
"6209-2RS-KDX","42"
"6209-VRN","52"
"6209-ZZ-KDX","79"
"6210-2RS-C3-TDR","41"
"6210-2RS-TDR","110"
"6210-KDX","35"
"6211-2RS-C3-TDR","4"
"6211-VRN","0"
"6212-2RS-C3-ZLT","24"
"6212-KDX","34"
"6212-ZZ-VRN","176"
"6213-2RS-C3-KDX","0"
"6213-ZZ-VRN","54"
"6214-2RS-C3-ZLT","30"
"6214-2RS-TDR","14"
"6214-VRN","121"
"6214-ZZ-TDR","93"
"6215-2RS-C3-TDR","0"
"6215-2RS-TDR","0"
"6215-2RS-VRN","142"
"6215-2RS-ZLT","27"
"6215-KDX","35"
"6215-TDR","30"
"6215-VRN","44"
"6215-ZLT","99"
"6215-ZZ-VRN","57"
"6300-2RS-TDR","27"
"6300-ZLT","110"
"6300-ZZ-TDR","55"
"6301-2RS-C3-KDX","114"
"6301-2RS-KDX","63"
"6301-ZZ-VRN","126"
"6302-2RS-C3-TDR","94"
"6302-2RS-TDR","104"
"6302-ZLT","81"
"6302-ZZ-VRN","120"
"6303-2RS-C3-KDX","55"
"6303-2RS-VRN","28"
"6303-VRN","32"
"6303-ZZ-KDX","53"
"6303-ZZ-VRN","129"
"6303-ZZ-ZLT","54"
"6304-2RS-C3-ZLT","59"
"6304-2RS-VRN","53"
"6304-TDR","7"
"6304-ZZ-ZLT","56"
"6305-KDX","10"
"6305-TDR","60"
"6305-VRN","279"
"6305-ZLT","84"
"6305-ZZ-VRN","24"
"6306-2RS-C3-VRN","10"
"6306-2RS-TDR","61"
"6306-TDR","64"
"6306-VRN","59"
"6306-ZZ-TDR","23"
"6307-2RS-C3-VRN ","0"
"6307-ZZ-VRN","69"
"6308-KDX","45"
"6308-ZZ-VRN","251"
"6309-2RS-C3-TDR","31"
"6309-2RS-C3-VRN","6"
"6309-2RS-VRN","130"
"6309-KDX","15"
"6309-ZZ-TDR","42"
"6310-2RS-C3-KDX","0"
"6310-2RS-C3-TDR","50"
"6310-2RS-C3-VRN","20"
"6310-2RS-C3-ZLT","19"
"6310-KDX ","21"
"6310-ZZ-KDX","60"
"6311-2RS-C3-VRN","6"
"6311-VRN","44"
"6312-2RS-C3-VRN","-5"
"6312-2RS-VRN","24"
"6312-KDX","43"
"6312-ZZ-TDR","38"
"65x77x12-NBR-ORL","0"
"65x77x8-FKM-ORL","253"
"65x85x12-NBR-ORL","10"
"65x85x7-NBR-ORL","228"
"65x87x7-NBR-ORL","225"
"65x90x12-NBR-ORL","124"
"65x95x12-NBR-TDR","34"
"65x95x7-NBR-ORL","44"
"6800-2RS-C3-KDX","96"
"6800-2RS-VRN","32"
"6800-VRN","44"
"6800-ZZ-ZLT","72"
"6801-2RS-C3-KDX","22"
"6801-2RS-TDR","46"
"6801-KDX","0"
"6801-ZZ-TDR","7"
"6802-2RS-C3-TDR","68"
"6802-2RS-ZLT","284"
"6803-2RS-C3-VRN","3"
"6803-2RS-VRN","59"
"6803-TDR","37"
"6803-ZZ-TDR","93"
"6804--VRN","47"
"6804-2RS-C3-KDX","30"
"6804-2RS-TDR","30"
"6804-ZZ-KDX","189"
"6805-2RS-C3-VRN","63"
"6805-2RS-VRN","54"
"6805-ZLT","26"
"6805-ZZ-KDX","21"
"6805-ZZ-VRN","0"
"6805-ZZ-ZLT","41"
"6806-2RS-C3-VRN","97"
"6806-KDX","97"
"6806-TDR","138"
"6806-VRN","88"
"6806-ZLT","122"
"6806-ZZ-KDX","43"
"6807-2RS-C3-TDR","0"
"6807-2RS-TDR","105"
"6807-2RS-VRN","26"
"6807-KDX","38"
"6808--2RS-C3-VRN","37"
"6808-2RS-KDX","69"
"6808-KDX","376"
"6808-TDR","184"
"6808-VRN","32"
"6808-ZZ-KDX","0"
"6808-ZZ-VRN","23"
"6809-2RS-C3-VRN","20"
"6809-2RS-TDR","165"
"6809-VRN","60"
"6810-2RS-C3-TDR","94"
"6810-2RS-ZLT","97"
"6810-KDX","17"
"6810-VRN","98"
"6810-ZZ-VRN","24"
"6900-2RS-C3-VRN","27"
"6900-2RS-VRN","229"
"6900-KDX","40"
"6900-ZZ-VRN","49"
"6901-2RS-C3-VRN ","90"
"6901-2RS-KDX","42"
"6901-VRN","4"
"6902-2RS-C3-TDR","219"
"6902-2RS-TDR","70"
"6902-2RS-VRN","175"
"6902-VRN","10"
"6902-ZZ-KDX","169"
"6903-2RS-C3-TDR","73"
"6903-ZZ-VRN","24"
"6903–2RS-KDX","3"
"6904-2RS-C3-VRN","72"
"6904-2RS-C3-ZLT","0"
"6904-VRN ","101"
"6905--2RS-TDR","243"
"6905-KDX","0"
"6905-ZZ-ZLT","100"
"6906-2RS-C3-TDR","71"
"6906-2RS-VRN","26"
"6906-VRN","0"
"6906-ZZ-TDR","0"
"6907-2RS-C3-TDR","43"
"6907-ZZ-KDX","30"
"6908-2RS-C3-KDX","25"
"6908-2RS-KDX","108"
"6908-ZLT","64"
"6908-ZZ-TDR","104"
"6909-2RS-C3-TDR","20"
"6909-2RS-ZLT","18"
"6909-TDR","380"
"6909-VRN","60"
"6909-ZZ-KDX","20"
"6909-ZZ-VRN","108"
"6910--ZZ-ZLT","175"
"6910-2RS-KDX","0"
"6910-ZZ-TDR","77"
"70x82x12-NBR-ORL","176"
"70x85x12-NBR-ORL","117"
"70x85x7-FKM-ORL","59"
"70x90x12-NBR-TDR","26"
"70x95x7-NBR-ORL","245"
"70x95x8-NBR-ORL","59"
"75x105x8-FKM-ORL","427"
"75x92x8-FKM-TDR","0"
"75x95x12-NBR-TDR","0"
"75x97x8-NBR-ORL","31"
"80x102x10-FKM-ORL","36"
"80x102x10-FKM-TDR","93"
"80x102x10-NBR-ORL","45"
"80x102x10-NBR-TDR","145"
"80x105x10-FKM-ORL","39"
"80x92x7-FKM-TDR","77"
"80x95x8-NBR-ORL","85"
"80x95x8-NBR-TDR","385"
"80x97x8-NBR-TDR","130"
"85x105x12-NBR-TDR","40"
"85x110x8-NBR-ORL","34"
"85x115x12-NBR-ORL","34"
"85x115x7-FKM-TDR","70"
"85x97x10-FKM-ORL","59"
"90x105x12-FKM-ORL","120"
"90x105x7-NBR-ORL","70"
"90x107x10-NBR-TDR","95"
"90x120x8-FKM-ORL","120"
"95x107x10-NBR-ORL","126"
"95x107x8-NBR-ORL","175"
"95x110x8-FKM-ORL","0"
"95x117x12-NBR-ORL","39"
"95x117x8-NBR-TDR","0"
"95x120x7-NBR-TDR","319"
"95x125x10-NBR-TDR","152"
"A--80-MRV","22"
"A-24-MRV","30"
"A-32-MRV","16"
"A-40-MRV","80"
"A-40-TDR","9"
"A-48-MRV","84"
"A-48-TDR","41"
"A-52-MRV","33"
"A-52-TDR","54"
"A-56-TDR","0"
"A-60-MRV","19"
"A-72-MRV","0"
"A-76-TDR","23"
"B-28-TDR","112"
"B-40-MRV","34"
"B-40-TDR","0"
"B-48-MRV","30"
"B-52-MRV","27"
"B-60-MRV","36"
"B-60-TDR","34"
"B-64-MRV","19"
"B-68-TDR","24"
"B-76-MRV","8"
"B-80-MRV","88"
"NJ205-TDR","12"
"NJ206-TDR ","40"
"NJ208-VRN","30"
"NJ209-VRN","58"
"NJ210-KDX","0"
"NJ211-VRN","29"
"NJ212-VRN","35"
"NU205-ZLT","8"
"NU206-VRN","26"
"NU208-KDX","44"
"NU209-VRN","60"
"NU210-KDX","22"
"NU210-TDR","74"
"NU210-VRN","189"
"NU211-KDX","159"
"NU211-TDR","230"
"NU212-KDX","38"
"NU212-TDR","42"
"NU212-VRN","25"
"SPA-1000-TDR","12"
"SPA-1200-MRV","25"
"SPA-1200-TDR","37"
"SPA-1300-MRV","34"
"SPA-1500-TDR","28"
"SPA-1600-MRV","47"
"SPA-1700-TDR","37"
"SPA-1800-TDR","0"
"SPA-2100-MRV","21"
"SPA-2200-TDR","74"
"SPA-2300-TDR","33"
"SPA-2400-MRV","37"
"SPA–1400-MRV","17"
"SPB--1800-MRV","6"
"SPB-1000-MRV","42"
"SPB-1100-MRV ","23"
"SPB-1300-MRV","11"
"SPB-1400-MRV","19"
"SPB-1500-MRV","26"
"SPB-1600-MRV","15"
"SPB-1700-TDR","0"
"SPB-2000-MRV","133"
"SPB-2300-MRV","33"
"SPB-2400-MRV","-5"
"SPB-600-TDR","13"
"SPB-700-MRV","52"
"SPB-800-MRV","5"
"SPB-900-MRV","10"
"SPZ-1000-MRV","39"
"SPZ-1100-TDR","24"
"SPZ-1400-MRV ","88"
"SPZ-1500-MRV","12"
"SPZ-1600-MRV","41"
"SPZ-1700-MRV","4"
"SPZ-1800-TDR","0"
"SPZ-1900-MRV","17"
"SPZ-2000-MRV","294"
"SPZ-2100-MRV","86"
"SPZ-2200-TDR","22"
"SPZ-2300-MRV","30"
"SPZ-2400-MRV","129"
"SPZ-600-MRV","7"
"SPZ-800-MRV","9"
"XPZ-1000-MRV","20"
"XPZ-1100-MRV","13"
"XPZ-1300-MRV","80"
"XPZ-1400-MRV","66"
"XPZ-1500-MRV","61"
"XPZ-1600-MRV","0"
"XPZ-1700-MRV","19"
"XPZ-1900-MRV","0"
"XPZ-2100-TDR","0"
"XPZ-2200-MRV","19"
"XPZ-2200-TDR","0"
"XPZ-2300-TDR","-6"
"XPZ-2500-MRV","300"
"XPZ-600-TDR","47"
"XPZ-700-MRV","131"
"XPZ-900-MRV","14"
"Z-20-TDR","50"
"Z-24-MRV","35"
"Z-28-MRV","95"
"Z-32-MRV","25"
"Z-40-MRV","57"
"Z-40-TDR","55"
"Z-48-TDR","85"
"Z-52-MRV","10"
"Z-80-MRV","22"
