STOK_KODU,STOK_ADI,GRUP_KODU,KOD_1,MARKA,SATIS_FIAT1,SATIS_FIAT2,SATIS_DOV_TIP
" 50x67x12-NBR-TDR","OIL SEAL 50x67x12 NBR TANDREL","SEL","OS","TANDREL","173.30","142.11","5"
" 6009-ZZ-KDX","DEEP GROOVE BALL BEARING 6009-ZZ KADRIX","BRG","DG","KADRIX","9.84","8.07","1"
" 6910-2RS-C3-VRN","DEEP GROOVE BALL BEARING 6910-2RS-C3 VORNELL","BRG","DG","VORNELL","12.34","10.12","3"
"100x112x7-NBR-ORL","OIL SEAL 100x112x7 NBR ORLENTA","SEL","OS","ORLENTA","11.18","9.17","3"
"100x115x10-FKM-ORL","OIL SEAL 100x115x10 FKM ORLENTA","SEL","OS","ORLENTA","12.28","10.07","3"
"100x120x12-NBR-ORL","OIL SEAL 100x120x12 NBR ORLENTA","SEL","OS","ORLENTA","8.65","7.09","3"
"100x122x12-NBR-ORL","OIL SEAL 100x122x12 NBR ORLENTA","SEL","OS","ORLENTA","13.02","10.68","3"
"100x122x7-FKM-TDR","OIL SEAL 100x122x7 FKM TANDREL","SEL","OS","TANDREL","353.80","290.12","5"
"100x125x10-FKM-ORL","OIL SEAL 100x125x10 FKM ORLENTA","SEL","OS","ORLENTA","7.56","6.20","3"
"100x125x7-FKM-ORL","OIL SEAL 100x125x7 FKM ORLENTA","SEL","OS","ORLENTA","10.02","8.22","3"
"100x125x7-FKM-TDR","OIL SEAL 100x125x7 FKM TANDREL","SEL","OS","TANDREL","397.66","326.08","5"
"105x117x8-NBR-TDR","OIL SEAL 105x117x8 NBR TANDREL","SEL","OS","TANDREL","229.33","188.05","5"
"105x120x10-FKM-ORL","OIL SEAL 105x120x10 FKM ORLENTA","SEL","OS","ORLENTA","14.52","11.91","3"
"105x120x10-NBR-ORL","OIL SEAL 105x120x10 NBR ORLENTA","SEL","OS","ORLENTA","13.16","10.79","3"
"105x122x12-NBR-ORL","OIL SEAL 105x122x12 NBR ORLENTA","SEL","OS","ORLENTA","7.55","6.19","3"
"105x125x10-NBR-ORL","OIL SEAL 105x125x10 NBR ORLENTA","SEL","OS","ORLENTA","9.36","7.68","3"
"105x125x12-NBR-ORL","OIL SEAL 105x125x12 NBR ORLENTA","SEL","OS","ORLENTA","10.17","8.34","5"
"105x130x12-NBR-ORL","OIL SEAL 105x130x12 NBR ORLENTA","SEL","OS","ORLENTA","9.91","8.13","3"
"10x22x7-FKM-TDR","OIL SEAL 10x22x7 FKM TANDREL","SEL","OS","TANDREL","41.06","33.67","5"
"10x27x12-NBR-ORL","OIL SEAL 10x27x12 NBR ORLENTA","SEL","OS","ORLENTA","1.10","0.90","3"
"10x27x8-FKM-ORL","OIL SEAL 10x27x8 FKM ORLENTA","SEL","OS","ORLENTA","1.11","0.91","3"
"10x30x10-FKM-TDR","OIL SEAL 10x30x10 FKM TANDREL","SEL","OS","TANDREL","34.94","28.65","5"
"10x30x7-FKM-ORL","OIL SEAL 10x30x7 FKM ORLENTA","SEL","OS","ORLENTA","0.91","0.75","3"
"10x32x10-NBR-TDR","OIL SEAL 10x32x10 NBR TANDREL","SEL","OS","TANDREL","33.25","27.26","5"
"10x32x7-NBR-ORL","OIL SEAL 10x32x7 NBR ORLENTA","SEL","OS","ORLENTA","1.18","0.97","3"
"10x35x12-NBR-ORL","OIL SEAL 10x35x12 NBR ORLENTA","SEL","OS","ORLENTA","1.46","1.20","3"
"10x35x12-NBR-TDR","OIL SEAL 10x35x12 NBR TANDREL","SEL","OS","TANDREL","25.95","21.28","5"
"10x35x8-FKM-ORL","OIL SEAL 10x35x8 FKM ORLENTA","SEL","OS","ORLENTA","1.33","1.09","3"
"110x125x10-FKM-TDR","OIL SEAL 110x125x10 FKM TANDREL","SEL","OS","TANDREL","436.22","357.70","5"
"110x125x10-NBR-ORL","OIL SEAL 110x125x10 NBR ORLENTA","SEL","OS","ORLENTA","9.62","7.89","3"
"110x125x10-NBR-TDR","OIL SEAL 110x125x10 NBR TANDREL","SEL","OS","TANDREL","418.77","343.39","5"
"110x127x8-NBR-ORL","OIL SEAL 110x127x8 NBR ORLENTA","SEL","OS","ORLENTA","14.79","12.13","3"
"110x130x8-FKM-TDR","OIL SEAL 110x130x8 FKM TANDREL","SEL","OS","TANDREL","329.39","270.10","5"
"110x135x8-FKM-ORL","OIL SEAL 110x135x8 FKM ORLENTA","SEL","OS","ORLENTA","10.19","8.36","3"
"110x135x8-NBR-TDR","OIL SEAL 110x135x8 NBR TANDREL","SEL","OS","TANDREL","338.56","277.62","5"
"110x140x10-FKM-TDR","OIL SEAL 110x140x10 FKM TANDREL","SEL","OS","TANDREL","241.18","197.77","5"
"110x140x10-NBR-ORL","OIL SEAL 110x140x10 NBR ORLENTA","SEL","OS","ORLENTA","12.54","10.28","3"
"110x140x7-NBR-ORL","OIL SEAL 110x140x7 NBR ORLENTA","SEL","OS","ORLENTA","12.32","10.10","3"
"115x135x12-FKM-ORL","OIL SEAL 115x135x12 FKM ORLENTA","SEL","OS","ORLENTA","11.68","9.58","3"
"115x135x12-NBR-ORL","OIL SEAL 115x135x12 NBR ORLENTA","SEL","OS","ORLENTA","10.52","8.63","3"
"115x135x12-NBR-TDR","OIL SEAL 115x135x12 NBR TANDREL","SEL","OS","TANDREL","601.04","492.85","5"
"115x137x12-NBR-ORL","OIL SEAL 115x137x12 NBR ORLENTA","SEL","OS","ORLENTA","9.50","7.79","3"
"115x137x12-NBR-TDR","OIL SEAL 115x137x12 NBR TANDREL","SEL","OS","TANDREL","311.84","255.71","5"
"115x145x10-NBR-ORL","OIL SEAL 115x145x10 NBR ORLENTA","SEL","OS","ORLENTA","12.13","9.95","3"
"1205-KDX","SELF-ALIGNING BALL BEARING 1205 KADRIX","BRG","SA","KADRIX","22.40","18.37","1"
"1205-TDR","SELF-ALIGNING BALL BEARING 1205 TANDREL","BRG","SA","TANDREL","791.39","648.94","5"
"1206-VRN","SELF-ALIGNING BALL BEARING 1206 VORNELL","BRG","SA","VORNELL","29.53","24.21","3"
"1207-TDR","SELF-ALIGNING BALL BEARING 1207 TANDREL","BRG","SA","TANDREL","715.75","586.92","5"
"1208-TDR","SELF-ALIGNING BALL BEARING 1208 TANDREL","BRG","SA","TANDREL","1142.19","936.60","5"
"1209-VRN","SELF-ALIGNING BALL BEARING 1209 VORNELL","BRG","SA","VORNELL","53.76","44.08","3"
"120x132x7-NBR-ORL","OIL SEAL 120x132x7 NBR ORLENTA","SEL","OS","ORLENTA","8.68","7.12","3"
"120x132x8-NBR-ORL","OIL SEAL 120x132x8 NBR ORLENTA","SEL","OS","ORLENTA","9.32","7.64","3"
"120x137x12-FKM-ORL","OIL SEAL 120x137x12 FKM ORLENTA","SEL","OS","ORLENTA","11.26","9.23","3"
"120x137x7-NBR-ORL","OIL SEAL 120x137x7 NBR ORLENTA","SEL","OS","ORLENTA","10.45","8.57","3"
"120x137x8-NBR-TDR","OIL SEAL 120x137x8 NBR TANDREL","SEL","OS","TANDREL","339.22","278.16","5"
"120x140x8-FKM-TDR","OIL SEAL 120x140x8 FKM TANDREL","SEL","OS","TANDREL","403.43","330.81","5"
"120x142x10-NBR-ORL","OIL SEAL 120x142x10 NBR ORLENTA","SEL","OS","ORLENTA","9.10","7.46","3"
"120x142x7-FKM-ORL","OIL SEAL 120x142x7 FKM ORLENTA","SEL","OS","ORLENTA","14.19","11.64","3"
"120x142x7-NBR-TDR","OIL SEAL 120x142x7 NBR TANDREL","SEL","OS","TANDREL","460.61","377.70","5"
"1210-VRN","SELF-ALIGNING BALL BEARING 1210 VORNELL","BRG","SA","VORNELL","38.88","31.88","3"
"15x32x12-NBR-ORL","OIL SEAL 15x32x12 NBR ORLENTA","SEL","OS","ORLENTA","1.44","1.18","3"
"15x35x12-NBR-TDR","OIL SEAL 15x35x12 NBR TANDREL","SEL","OS","TANDREL","52.14","42.75","5"
"15x35x7-FKM-ORL","OIL SEAL 15x35x7 FKM ORLENTA","SEL","OS","ORLENTA","1.60","1.31","3"
"15x35x7-FKM-TDR","OIL SEAL 15x35x7 FKM TANDREL","SEL","OS","TANDREL","34.95","28.66","5"
"15x35x7-NBR-ORL","OIL SEAL 15x35x7 NBR ORLENTA","SEL","OS","ORLENTA","1.94","1.59","3"
"15x35x7-NBR-TDR","OIL SEAL 15x35x7 NBR TANDREL","SEL","OS","TANDREL","35.95","29.48","5"
"15x40x7-FKM-ORL","OIL SEAL 15x40x7 FKM ORLENTA","SEL","OS","ORLENTA","1.30","1.07","3"
"15x40x7-NBR-ORL","OIL SEAL 15x40x7 NBR ORLENTA","SEL","OS","ORLENTA","2.51","2.06","3"
"15Ã—30Ã—12-NBR-TDR","OIL SEAL 15x30x12 NBR TANDREL","SEL","OS","TANDREL","58.35","47.85","5"
"20x32x7-NBR-ORL","OIL SEAL 20x32x7 NBR ORLENTA","SEL","OS","ORLENTA","2.59","2.12","3"
"20x45x8-FKM-ORL","OIL SEAL 20x45x8 FKM ORLENTA","SEL","OS","ORLENTA","1.66","1.36","3"
"20x50x12-NBR-ORL","OIL SEAL 20x50x12 NBR ORLENTA","SEL","OS","ORLENTA","2.49","2.04","3"
"2205-ZLT","SELF-ALIGNING BALL BEARING 2205 ZELTRAK","BRG","SA","ZELTRAK","26.02","21.34","3"
"2206--VRN","SELF-ALIGNING BALL BEARING 2206 VORNELL","BRG","SA","VORNELL","19.47","15.97","3"
"2207-VRN","SELF-ALIGNING BALL BEARING 2207 VORNELL","BRG","SA","VORNELL","28.16","23.09","3"
"2208-ZLT","SELF-ALIGNING BALL BEARING 2208 ZELTRAK","BRG","SA","ZELTRAK","24.35","19.97","3"
"2209-VRN","SELF-ALIGNING BALL BEARING 2209 VORNELL","BRG","SA","VORNELL","35.16","28.83","3"
"2210-KDX","SELF-ALIGNING BALL BEARING 2210 KADRIX","BRG","SA","KADRIX","29.77","24.41","1"
"25x37x12-FKM-TDR","OIL SEAL 25x37x12 FKM TANDREL","SEL","OS","TANDREL","80.34","65.88","5"
"25x40x7-FKM-ORL","OIL SEAL 25x40x7 FKM ORLENTA","SEL","OS","ORLENTA","2.55","2.09","3"
"25x42x12-NBR-TDR","OIL SEAL 25x42x12 NBR TANDREL","SEL","OS","TANDREL","56.42","46.26","5"
"25x42x7-NBR-ORL","OIL SEAL 25x42x7 NBR ORLENTA","SEL","OS","ORLENTA","3.24","2.66","3"
"25x42x8-FKM-ORL","OIL SEAL 25x42x8 FKM ORLENTA","SEL","OS","ORLENTA","2.59","2.12","3"
"25x42x8-FKM-TDR","OIL SEAL 25x42x8 FKM TANDREL","SEL","OS","TANDREL","76.96","63.11","5"
"25x45x7–NBR-TDR","OIL SEAL 25x45x7 NBR TANDREL","SEL","OS","TANDREL","89.60","73.47","5"
"25x47x10-NBR-ORL","OIL SEAL 25x47x10 NBR ORLENTA","SEL","OS","ORLENTA","2.66","2.18","3"
"25x47x7-NBR-TDR","OIL SEAL 25x47x7 NBR TANDREL","SEL","OS","TANDREL","56.40","46.25","5"
"25x50x8-NBR-TDR","OIL SEAL 25x50x8 NBR TANDREL","SEL","OS","TANDREL","72.95","59.82","5"
"25x55x10-NBR-TDR","OIL SEAL 25x55x10 NBR TANDREL","SEL","OS","TANDREL","57.03","46.76","5"
"30205-VRN","TAPERED ROLLER BEARING 30205 VORNELL","BRG","TR","VORNELL","24.23","19.87","3"
"30206-TDR","TAPERED ROLLER BEARING 30206 TANDREL","BRG","TR","TANDREL","652.00","534.64","5"
"30208-KDX","TAPERED ROLLER BEARING 30208 KADRIX","BRG","TR","KADRIX","27.29","22.38","1"
"30208-VRN","TAPERED ROLLER BEARING 30208 VORNELL","BRG","TR","VORNELL","35.45","29.07","3"
"30209-KDX","TAPERED ROLLER BEARING 30209 KADRIX","BRG","TR","KADRIX","30.44","24.96","1"
"30210-TDR","TAPERED ROLLER BEARING 30210 TANDREL","BRG","TR","TANDREL","871.70","714.79","5"
"30211-TDR","TAPERED ROLLER BEARING 30211 TANDREL","BRG","TR","TANDREL","1055.23","865.29","5"
"30212-KDX","TAPERED ROLLER BEARING 30212 KADRIX","BRG","TR","KADRIX","40.52","33.23","1"
"30x45x8-NBR-ORL","OIL SEAL 30x45x8 NBR ORLENTA","SEL","OS","ORLENTA","3.18","2.61","3"
"30x47x12--NBR-ORL","OIL SEAL 30x47x12 NBR ORLENTA","SEL","OS","ORLENTA","2.95","2.42","3"
"30x47x8-NBR-ORL","OIL SEAL 30x47x8 NBR ORLENTA","SEL","OS","ORLENTA","2.84","2.33","3"
"30x50x10-FKM-ORL","OIL SEAL 30x50x10 FKM ORLENTA","SEL","OS","ORLENTA","3.43","2.81","3"
"30x50x10-FKM-TDR","OIL SEAL 30x50x10 FKM TANDREL","SEL","OS","TANDREL","88.55","72.61","5"
"30x60x7-NBR-ORL","OIL SEAL 30x60x7 NBR ORLENTA","SEL","OS","ORLENTA","2.65","2.17","3"
"32205-TDR","TAPERED ROLLER BEARING 32205 TANDREL","BRG","TR","TANDREL","790.03","647.82","5"
"32206-KDX","TAPERED ROLLER BEARING 32206 KADRIX","BRG","TR","KADRIX","19.24","15.78","1"
"32207-ZLT","TAPERED ROLLER BEARING 32207 ZELTRAK","BRG","TR","ZELTRAK","25.81","21.16","3"
"32208-KDX","TAPERED ROLLER BEARING 32208 KADRIX","BRG","TR","KADRIX","29.74","24.39","1"
"32208-VRN","TAPERED ROLLER BEARING 32208 VORNELL","BRG","TR","VORNELL","26.15","21.44","3"
"32208-ZLT","TAPERED ROLLER BEARING 32208 ZELTRAK","BRG","TR","ZELTRAK","14.11","11.57","3"
"32209-VRN","TAPERED ROLLER BEARING 32209 VORNELL","BRG","TR","VORNELL","33.70","27.63","3"
"32210-KDX","TAPERED ROLLER BEARING 32210 KADRIX","BRG","TR","KADRIX","34.45","28.25","1"
"32211-VRN","TAPERED ROLLER BEARING 32211 VORNELL","BRG","TR","VORNELL","29.95","24.56","3"
"35x52x10-NBR-ORL","OIL SEAL 35x52x10 NBR ORLENTA","SEL","OS","ORLENTA","2.97","2.44","3"
"35x55x7-NBR-TDR","OIL SEAL 35x55x7 NBR TANDREL","SEL","OS","TANDREL","123.68","101.42","5"
"35x57x12-FKM-ORL","OIL SEAL 35x57x12 FKM ORLENTA","SEL","OS","ORLENTA","4.46","3.66","3"
"35x57x8--NBR-ORL","OIL SEAL 35x57x8 NBR ORLENTA","SEL","OS","ORLENTA","2.83","2.32","3"
"35x60x10-NBR-ORL","OIL SEAL 35x60x10 NBR ORLENTA","SEL","OS","ORLENTA","3.48","2.85","3"
"40x52x8-NBR-ORL","OIL SEAL 40x52x8 NBR ORLENTA","SEL","OS","ORLENTA","3.31","2.71","3"
"40x55x12-NBR-ORL","OIL SEAL 40x55x12 NBR ORLENTA","SEL","OS","ORLENTA","4.98","4.08","3"
"40x55x7-FKM-TDR","OIL SEAL 40x55x7 FKM TANDREL","SEL","OS","TANDREL","211.30","173.27","5"
"40x55x7-NBR-TDR","OIL SEAL 40x55x7 NBR TANDREL","SEL","OS","TANDREL","167.73","137.54","5"
"40x57x10-NBR-ORL","OIL SEAL 40x57x10 NBR ORLENTA","SEL","OS","ORLENTA","3.20","2.62","3"
"40x60x7-NBR-ORL","OIL SEAL 40x60x7 NBR ORLENTA","SEL","OS","ORLENTA","2.52","2.07","3"
"40x60x8-NBR-ORL","OIL SEAL 40x60x8 NBR ORLENTA","SEL","OS","ORLENTA","2.75","2.26","3"
"40x62x10-FKM-ORL","OIL SEAL 40x62x10 FKM ORLENTA","SEL","OS","ORLENTA","5.78","4.74","3"
"40x62x10-FKM-TDR","OIL SEAL 40x62x10 FKM TANDREL","SEL","OS","TANDREL","107.14","87.85","5"
"40x62x10-NBR-TDR","OIL SEAL 40x62x10 NBR TANDREL","SEL","OS","TANDREL","128.62","105.47","5"
"40x65x8-FKM-ORL","OIL SEAL 40x65x8 FKM ORLENTA","SEL","OS","ORLENTA","3.94","3.23","3"
"45x57x7-FKM-ORL","OIL SEAL 45x57x7 FKM ORLENTA","SEL","OS","ORLENTA","4.99","4.09","3"
"45x57x7-FKM-TDR","OIL SEAL 45x57x7 FKM TANDREL","SEL","OS","TANDREL","143.51","117.68","5"
"45x57x7-NBR-ORL","OIL SEAL 45x57x7 NBR ORLENTA","SEL","OS","ORLENTA","2.42","1.98","3"
"45x57x8-NBR-ORL","OIL SEAL 45x57x8 NBR ORLENTA","SEL","OS","ORLENTA","5.09","4.17","3"
"45x75x7-NBR-ORL","OIL SEAL 45x75x7 NBR ORLENTA","SEL","OS","ORLENTA","4.26","3.49","3"
"45x75x8-FKM-TDR","OIL SEAL 45x75x8 FKM TANDREL","SEL","OS","TANDREL","165.41","135.64","5"
"50x65x12-FKM-ORL","OIL SEAL 50x65x12 FKM ORLENTA","SEL","OS","ORLENTA","3.28","2.69","3"
"50x65x12-NBR-ORL","OIL SEAL 50x65x12 NBR ORLENTA","SEL","OS","ORLENTA","4.65","3.81","3"
"50x65x8-NBR-TDR","OIL SEAL 50x65x8 NBR TANDREL","SEL","OS","TANDREL","162.23","133.03","5"
"50x67x8-NBR-TDR","OIL SEAL 50x67x8 NBR TANDREL","SEL","OS","TANDREL","145.84","119.59","5"
"50x75x10-NBR-TDR","OIL SEAL 50x75x10 NBR TANDREL","SEL","OS","TANDREL","146.58","120.20","5"
"50x75x12-FKM-ORL","OIL SEAL 50x75x12 FKM ORLENTA","SEL","OS","ORLENTA","5.31","4.35","3"
"50x80x10-NBR-ORL","OIL SEAL 50x80x10 NBR ORLENTA","SEL","OS","ORLENTA","5.58","4.58","3"
"55x67x12-NBR-ORL","OIL SEAL 55x67x12 NBR ORLENTA","SEL","OS","ORLENTA","4.98","4.08","3"
"55x70x7-NBR-TDR","OIL SEAL 55x70x7 NBR TANDREL","SEL","OS","TANDREL","220.79","181.05","5"
"55x72x12-NBR-ORL ","OIL SEAL 55x72x12 NBR ORLENTA","SEL","OS","ORLENTA","6.90","5.66","3"
"55x72x7-NBR-ORL","OIL SEAL 55x72x7 NBR ORLENTA","SEL","OS","ORLENTA","4.72","3.87","3"
"55x72x8-NBR-ORL","OIL SEAL 55x72x8 NBR ORLENTA","SEL","OS","ORLENTA","2.88","2.36","3"
"55x77x10-FKM-ORL","OIL SEAL 55x77x10 FKM ORLENTA","SEL","OS","ORLENTA","5.83","4.78","3"
"55x77x8-NBR-TDR","OIL SEAL 55x77x8 NBR TANDREL","SEL","OS","TANDREL","148.42","121.70","5"
"6000-2RS-C3-KDX","DEEP GROOVE BALL BEARING 6000-2RS-C3 KADRIX","BRG","DG","KADRIX","5.45","4.47","1"
"6000-2RS-C3-ZLT","DEEP GROOVE BALL BEARING 6000-2RS-C3 ZELTRAK","BRG","DG","ZELTRAK","3.86","3.17","3"
"6000-2RS-TDR","DEEP GROOVE BALL BEARING 6000-2RS TANDREL","BRG","DG","TANDREL","186.70","153.09","5"
"6000-2RS-VRN","DEEP GROOVE BALL BEARING 6000-2RS VORNELL","BRG","DG","VORNELL","6.58","5.40","3"
"6000-KDX","DEEP GROOVE BALL BEARING 6000 KADRIX","BRG","DG","KADRIX","5.36","4.40","1"
"6000-ZZ-KDX","DEEP GROOVE BALL BEARING 6000-ZZ KADRIX","BRG","DG","KADRIX","4.86","3.99","1"
"6001-TDR","DEEP GROOVE BALL BEARING 6001 TANDREL","BRG","DG","TANDREL","127.35","104.43","5"
"6001-ZZ-KDX","DEEP GROOVE BALL BEARING 6001-ZZ KADRIX","BRG","DG","KADRIX","7.29","5.98","1"
"6001-ZZ-TDR","DEEP GROOVE BALL BEARING 6001-ZZ TANDREL","BRG","DG","TANDREL","209.25","171.58","5"
"6001-ZZ-VRN","DEEP GROOVE BALL BEARING 6001-ZZ VORNELL","BRG","DG","VORNELL","6.29","5.16","3"
"6001-ZZ-ZLT","DEEP GROOVE BALL BEARING 6001-ZZ ZELTRAK","BRG","DG","ZELTRAK","6.09","4.99","3"
"6002-2RS-C3-KDX","DEEP GROOVE BALL BEARING 6002-2RS-C3 KADRIX","BRG","DG","KADRIX","6.06","4.97","1"
"6002-2RS-VRN","DEEP GROOVE BALL BEARING 6002-2RS VORNELL","BRG","DG","VORNELL","8.01","6.57","3"
"6002-KDX","DEEP GROOVE BALL BEARING 6002 KADRIX","BRG","DG","KADRIX","5.93","4.86","1"
"6002-ZZ-VRN","DEEP GROOVE BALL BEARING 6002-ZZ VORNELL","BRG","DG","VORNELL","11.99","9.83","3"
"6003-2RS-C3-ZLT","DEEP GROOVE BALL BEARING 6003-2RS-C3 ZELTRAK","BRG","DG","ZELTRAK","5.66","4.64","3"
"6003-2RS-VRN","DEEP GROOVE BALL BEARING 6003-2RS VORNELL","BRG","DG","VORNELL","11.59","9.50","3"
"6003-ZLT ","DEEP GROOVE BALL BEARING 6003 ZELTRAK","BRG","DG","ZELTRAK","5.76","4.72","3"
"6003-ZZ-KDX","DEEP GROOVE BALL BEARING 6003-ZZ KADRIX","BRG","DG","KADRIX","7.19","5.90","1"
"6004--2RS-VRN","DEEP GROOVE BALL BEARING 6004-2RS VORNELL","BRG","DG","VORNELL","9.92","8.13","3"
"6004-2RS-KDX","DEEP GROOVE BALL BEARING 6004-2RS KADRIX","BRG","DG","KADRIX","12.84","10.53","1"
"6004-2RS-TDR","DEEP GROOVE BALL BEARING 6004-2RS TANDREL","BRG","DG","TANDREL","247.33","202.81","5"
"6004-2RS-ZLT","DEEP GROOVE BALL BEARING 6004-2RS ZELTRAK","BRG","DG","ZELTRAK","7.12","5.84","3"
"6004-VRN","DEEP GROOVE BALL BEARING 6004 VORNELL","BRG","DG","VORNELL","8.68","7.12","3"
"6004-ZZ-VRN","DEEP GROOVE BALL BEARING 6004-ZZ VORNELL","BRG","DG","VORNELL","11.47","9.41","3"
"6005--2RS-VRN","DEEP GROOVE BALL BEARING 6005-2RS VORNELL","BRG","DG","VORNELL","9.15","7.50","3"
"6005-2RS-C3-VRN","DEEP GROOVE BALL BEARING 6005-2RS-C3 VORNELL","BRG","DG","VORNELL","8.94","7.33","3"
"6005-TDR","DEEP GROOVE BALL BEARING 6005 TANDREL","BRG","DG","TANDREL","178.96","146.75","5"
"6005-VRN","DEEP GROOVE BALL BEARING 6005 VORNELL","BRG","DG","VORNELL","7.98","6.54","3"
"6005-ZZ-KDX","DEEP GROOVE BALL BEARING 6005-ZZ KADRIX","BRG","DG","KADRIX","9.33","7.65","1"
"6005-ZZ-TDR","DEEP GROOVE BALL BEARING 6005-ZZ TANDREL","BRG","DG","TANDREL","211.86","173.73","5"
"6005-ZZ-VRN","DEEP GROOVE BALL BEARING 6005-ZZ VORNELL","BRG","DG","VORNELL","11.24","9.22","3"
"6006-2RS-C3-KDX","DEEP GROOVE BALL BEARING 6006-2RS-C3 KADRIX","BRG","DG","KADRIX","9.05","7.42","1"
"6006-ZZ-TDR","DEEP GROOVE BALL BEARING 6006-ZZ TANDREL","BRG","DG","TANDREL","286.65","235.05","5"
"6007-2RS-C3-VRN","DEEP GROOVE BALL BEARING 6007-2RS-C3 VORNELL","BRG","DG","VORNELL","13.81","11.32","3"
"6007-2RS-VRN","DEEP GROOVE BALL BEARING 6007-2RS VORNELL","BRG","DG","VORNELL","9.19","7.54","3"
"6007-KDX","DEEP GROOVE BALL BEARING 6007 KADRIX","BRG","DG","KADRIX","10.40","8.53","1"
"6007-ZZ-KDX","DEEP GROOVE BALL BEARING 6007-ZZ KADRIX","BRG","DG","KADRIX","7.04","5.77","1"
"6008-2RS-ZLT","DEEP GROOVE BALL BEARING 6008-2RS ZELTRAK","BRG","DG","ZELTRAK","8.60","7.05","3"
"6008-VRN","DEEP GROOVE BALL BEARING 6008 VORNELL","BRG","DG","VORNELL","12.39","10.16","3"
"6008-ZZ-KDX","DEEP GROOVE BALL BEARING 6008-ZZ KADRIX","BRG","DG","KADRIX","10.06","8.25","1"
"6009-2RS-C3-KDX","DEEP GROOVE BALL BEARING 6009-2RS-C3 KADRIX","BRG","DG","KADRIX","7.95","6.52","1"
"6009-2RS-TDR","DEEP GROOVE BALL BEARING 6009-2RS TANDREL","BRG","DG","TANDREL","272.88","223.76","5"
"6009-VRN","DEEP GROOVE BALL BEARING 6009 VORNELL","BRG","DG","VORNELL","13.32","10.92","3"
"6009-ZZ-VRN","DEEP GROOVE BALL BEARING 6009-ZZ VORNELL","BRG","DG","VORNELL","11.67","9.57","3"
"6010-2RS-C3-TDR","DEEP GROOVE BALL BEARING 6010-2RS-C3 TANDREL","BRG","DG","TANDREL","321.64","263.74","5"
"6010-2RS-TDR","DEEP GROOVE BALL BEARING 6010-2RS TANDREL","BRG","DG","TANDREL","421.44","345.58","5"
"6010-2RS-VRN","DEEP GROOVE BALL BEARING 6010-2RS VORNELL","BRG","DG","VORNELL","8.49","6.96","3"
"6010-KDX","DEEP GROOVE BALL BEARING 6010 KADRIX","BRG","DG","KADRIX","12.53","10.27","1"
"6010-ZZ-TDR","DEEP GROOVE BALL BEARING 6010-ZZ TANDREL","BRG","DG","TANDREL","482.64","395.76","5"
"6010-ZZ-VRN","DEEP GROOVE BALL BEARING 6010-ZZ VORNELL","BRG","DG","VORNELL","8.74","7.17","3"
"6011-2RS-C3-VRN","DEEP GROOVE BALL BEARING 6011-2RS-C3 VORNELL","BRG","DG","VORNELL","12.24","10.04","3"
"6011-2RS-KDX ","DEEP GROOVE BALL BEARING 6011-2RS KADRIX","BRG","DG","KADRIX","9.50","7.79","1"
"6011-KDX","DEEP GROOVE BALL BEARING 6011 KADRIX","BRG","DG","KADRIX","12.14","9.95","1"
"6011-TDR","DEEP GROOVE BALL BEARING 6011 TANDREL","BRG","DG","TANDREL","318.61","261.26","5"
"6011-VRN","DEEP GROOVE BALL BEARING 6011 VORNELL","BRG","DG","VORNELL","18.96","15.55","3"
"6011-ZLT","DEEP GROOVE BALL BEARING 6011 ZELTRAK","BRG","DG","ZELTRAK","8.71","7.14","3"
"6011-ZZ-VRN","DEEP GROOVE BALL BEARING 6011-ZZ VORNELL","BRG","DG","VORNELL","15.36","12.60","3"
"6012-2RS-C3-ZLT","DEEP GROOVE BALL BEARING 6012-2RS-C3 ZELTRAK","BRG","DG","ZELTRAK","11.32","9.28","3"
"6012-2RS-KDX","DEEP GROOVE BALL BEARING 6012-2RS KADRIX","BRG","DG","KADRIX","13.84","11.35","1"
"6012-TDR","DEEP GROOVE BALL BEARING 6012 TANDREL","BRG","DG","TANDREL","426.31","349.57","5"
"6012-ZZ-TDR","DEEP GROOVE BALL BEARING 6012-ZZ TANDREL","BRG","DG","TANDREL","413.60","339.15","5"
"60x72x8-FKM-ORL","OIL SEAL 60x72x8 FKM ORLENTA","SEL","OS","ORLENTA","5.61","4.60","3"
"60x75x12-NBR-ORL","OIL SEAL 60x75x12 NBR ORLENTA","SEL","OS","ORLENTA","4.51","3.70","3"
"60x82x10-NBR-ORL","OIL SEAL 60x82x10 NBR ORLENTA","SEL","OS","ORLENTA","5.77","4.73","3"
"60x82x12-NBR-TDR","OIL SEAL 60x82x12 NBR TANDREL","SEL","OS","TANDREL","151.86","124.53","5"
"60x82x7-FKM-ORL","OIL SEAL 60x82x7 FKM ORLENTA","SEL","OS","ORLENTA","7.52","6.17","3"
"60x85x10-FKM-TDR","OIL SEAL 60x85x10 FKM TANDREL","SEL","OS","TANDREL","157.74","129.35","5"
"60x85x12-FKM-ORL","OIL SEAL 60x85x12 FKM ORLENTA","SEL","OS","ORLENTA","5.28","4.33","3"
"60x85x12-NBR-ORL","OIL SEAL 60x85x12 NBR ORLENTA","SEL","OS","ORLENTA","4.64","3.80","3"
"60x90x12-NBR-ORL","OIL SEAL 60x90x12 NBR ORLENTA","SEL","OS","ORLENTA","4.63","3.80","3"
"60Ã—85Ã—12-FKM-TDR","OIL SEAL 60x85x12 FKM TANDREL","SEL","OS","TANDREL","245.57","201.37","5"
"6200-2RS-VRN","DEEP GROOVE BALL BEARING 6200-2RS VORNELL","BRG","DG","VORNELL","4.03","3.30","3"
"6200-VRN","DEEP GROOVE BALL BEARING 6200 VORNELL","BRG","DG","VORNELL","8.06","6.61","3"
"6200-ZLT","DEEP GROOVE BALL BEARING 6200 ZELTRAK","BRG","DG","ZELTRAK","4.14","3.39","3"
"6200-ZZ-KDX","DEEP GROOVE BALL BEARING 6200-ZZ KADRIX","BRG","DG","KADRIX","5.01","4.11","1"
"6201-2RS-C3-VRN","DEEP GROOVE BALL BEARING 6201-2RS-C3 VORNELL","BRG","DG","VORNELL","4.84","3.97","3"
"6201-TDR","DEEP GROOVE BALL BEARING 6201 TANDREL","BRG","DG","TANDREL","106.29","87.16","5"
"6201-ZZ-VRN","DEEP GROOVE BALL BEARING 6201-ZZ VORNELL","BRG","DG","VORNELL","7.30","5.99","3"
"6202--ZZ-KDX","DEEP GROOVE BALL BEARING 6202-ZZ KADRIX","BRG","DG","KADRIX","9.34","7.66","1"
"6202-2RS-C3-KDX","DEEP GROOVE BALL BEARING 6202-2RS-C3 KADRIX","BRG","DG","KADRIX","5.48","4.49","1"
"6202-2RS-C3-TDR","DEEP GROOVE BALL BEARING 6202-2RS-C3 TANDREL","BRG","DG","TANDREL","186.41","152.86","5"
"6202-2RS-C3-VRN","DEEP GROOVE BALL BEARING 6202-2RS-C3 VORNELL","BRG","DG","VORNELL","7.00","5.74","3"
"6202-2RS-KDX","DEEP GROOVE BALL BEARING 6202-2RS KADRIX","BRG","DG","KADRIX","6.35","5.21","1"
"6202-VRN","DEEP GROOVE BALL BEARING 6202 VORNELL","BRG","DG","VORNELL","8.28","6.79","3"
"6203-2RS-C3-KDX","DEEP GROOVE BALL BEARING 6203-2RS-C3 KADRIX","BRG","DG","KADRIX","5.70","4.67","1"
"6203-2RS-C3-VRN","DEEP GROOVE BALL BEARING 6203-2RS-C3 VORNELL","BRG","DG","VORNELL","9.64","7.90","3"
"6203-2RS-TDR","DEEP GROOVE BALL BEARING 6203-2RS TANDREL","BRG","DG","TANDREL","241.14","197.73","5"
"6203-VRN","DEEP GROOVE BALL BEARING 6203 VORNELL","BRG","DG","VORNELL","8.80","7.22","3"
"6203-ZZ-VRN","DEEP GROOVE BALL BEARING 6203-ZZ VORNELL","BRG","DG","VORNELL","8.94","7.33","3"
"6204-2RS-C3-KDX","DEEP GROOVE BALL BEARING 6204-2RS-C3 KADRIX","BRG","DG","KADRIX","6.75","5.54","1"
"6204-2RS-TDR","DEEP GROOVE BALL BEARING 6204-2RS TANDREL","BRG","DG","TANDREL","176.96","145.11","5"
"6204-KDX","DEEP GROOVE BALL BEARING 6204 KADRIX","BRG","DG","KADRIX","6.95","5.70","1"
"6204-ZZ-VRN","DEEP GROOVE BALL BEARING 6204-ZZ VORNELL","BRG","DG","VORNELL","10.77","8.83","3"
"6205-2RS-C3-TDR","DEEP GROOVE BALL BEARING 6205-2RS-C3 TANDREL","BRG","DG","TANDREL","201.58","165.30","5"
"6205-2RS-VRN","DEEP GROOVE BALL BEARING 6205-2RS VORNELL","BRG","DG","VORNELL","9.58","7.86","3"
"6205-ZZ-VRN","DEEP GROOVE BALL BEARING 6205-ZZ VORNELL","BRG","DG","VORNELL","8.63","7.08","3"
"6206-2RS-C3-KDX","DEEP GROOVE BALL BEARING 6206-2RS-C3 KADRIX","BRG","DG","KADRIX","5.07","4.16","1"
"6206-2RS-C3-TDR","DEEP GROOVE BALL BEARING 6206-2RS-C3 TANDREL","BRG","DG","TANDREL","256.85","210.62","5"
"6206-2RS-C3-VRN","DEEP GROOVE BALL BEARING 6206-2RS-C3 VORNELL","BRG","DG","VORNELL","8.86","7.27","3"
"6206-2RS-C3-ZLT","DEEP GROOVE BALL BEARING 6206-2RS-C3 ZELTRAK","BRG","DG","ZELTRAK","10.68","8.76","3"
"6206-KDX","DEEP GROOVE BALL BEARING 6206 KADRIX","BRG","DG","KADRIX","7.96","6.53","1"
"6206-VRN","DEEP GROOVE BALL BEARING 6206 VORNELL","BRG","DG","VORNELL","13.34","10.94","3"
"6206-ZLT","DEEP GROOVE BALL BEARING 6206 ZELTRAK","BRG","DG","ZELTRAK","9.67","7.93","3"
"6207-2RS-C3-KDX","DEEP GROOVE BALL BEARING 6207-2RS-C3 KADRIX","BRG","DG","KADRIX","9.07","7.44","1"
"6207-2RS-KDX","DEEP GROOVE BALL BEARING 6207-2RS KADRIX","BRG","DG","KADRIX","7.74","6.35","1"
"6207-KDX","DEEP GROOVE BALL BEARING 6207 KADRIX","BRG","DG","KADRIX","7.05","5.78","1"
"6207-ZZ-KDX","DEEP GROOVE BALL BEARING 6207-ZZ KADRIX","BRG","DG","KADRIX","8.36","6.86","1"
"6208-2RS-C3-VRN","DEEP GROOVE BALL BEARING 6208-2RS-C3 VORNELL","BRG","DG","VORNELL","14.78","12.12","3"
"6208-KDX","DEEP GROOVE BALL BEARING 6208 KADRIX","BRG","DG","KADRIX","11.89","9.75","1"
"6209-2RS-C3-TDR","DEEP GROOVE BALL BEARING 6209-2RS-C3 TANDREL","BRG","DG","TANDREL","272.25","223.24","5"
"6209-2RS-KDX","DEEP GROOVE BALL BEARING 6209-2RS KADRIX","BRG","DG","KADRIX","14.76","12.10","1"
"6209-VRN","DEEP GROOVE BALL BEARING 6209 VORNELL","BRG","DG","VORNELL","18.06","14.81","3"
"6209-ZZ-KDX","DEEP GROOVE BALL BEARING 6209-ZZ KADRIX","BRG","DG","KADRIX","14.30","11.73","1"
"6210-2RS-C3-TDR","DEEP GROOVE BALL BEARING 6210-2RS-C3 TANDREL","BRG","DG","TANDREL","264.15","216.60","5"
"6210-2RS-TDR","DEEP GROOVE BALL BEARING 6210-2RS TANDREL","BRG","DG","TANDREL","271.76","222.84","5"
"6210-KDX","DEEP GROOVE BALL BEARING 6210 KADRIX","BRG","DG","KADRIX","10.37","8.50","1"
"6211-2RS-C3-TDR","DEEP GROOVE BALL BEARING 6211-2RS-C3 TANDREL","BRG","DG","TANDREL","469.30","384.83","5"
"6211-VRN","DEEP GROOVE BALL BEARING 6211 VORNELL","BRG","DG","VORNELL","12.50","10.25","3"
"6212-2RS-C3-ZLT","DEEP GROOVE BALL BEARING 6212-2RS-C3 ZELTRAK","BRG","DG","ZELTRAK","12.31","10.09","3"
"6212-KDX","DEEP GROOVE BALL BEARING 6212 KADRIX","BRG","DG","KADRIX","15.59","12.78","1"
"6212-ZZ-VRN","DEEP GROOVE BALL BEARING 6212-ZZ VORNELL","BRG","DG","VORNELL","11.72","9.61","3"
"6213-2RS-C3-KDX","DEEP GROOVE BALL BEARING 6213-2RS-C3 KADRIX","BRG","DG","KADRIX","11.61","9.52","1"
"6213-ZZ-VRN","DEEP GROOVE BALL BEARING 6213-ZZ VORNELL","BRG","DG","VORNELL","17.48","14.33","3"
"6214-2RS-C3-ZLT","DEEP GROOVE BALL BEARING 6214-2RS-C3 ZELTRAK","BRG","DG","ZELTRAK","11.59","9.50","3"
"6214-2RS-TDR","DEEP GROOVE BALL BEARING 6214-2RS TANDREL","BRG","DG","TANDREL","426.88","350.04","5"
"6214-VRN","DEEP GROOVE BALL BEARING 6214 VORNELL","BRG","DG","VORNELL","19.46","15.96","3"
"6214-ZZ-TDR","DEEP GROOVE BALL BEARING 6214-ZZ TANDREL","BRG","DG","TANDREL","423.56","347.32","5"
"6215-2RS-C3-TDR","DEEP GROOVE BALL BEARING 6215-2RS-C3 TANDREL","BRG","DG","TANDREL","568.70","466.33","5"
"6215-2RS-TDR","DEEP GROOVE BALL BEARING 6215-2RS TANDREL","BRG","DG","TANDREL","349.34","286.46","5"
"6215-2RS-VRN","DEEP GROOVE BALL BEARING 6215-2RS VORNELL","BRG","DG","VORNELL","18.68","15.32","3"
"6215-2RS-ZLT","DEEP GROOVE BALL BEARING 6215-2RS ZELTRAK","BRG","DG","ZELTRAK","12.19","10.00","3"
"6215-KDX","DEEP GROOVE BALL BEARING 6215 KADRIX","BRG","DG","KADRIX","23.32","19.12","1"
"6215-TDR","DEEP GROOVE BALL BEARING 6215 TANDREL","BRG","DG","TANDREL","686.29","562.76","5"
"6215-VRN","DEEP GROOVE BALL BEARING 6215 VORNELL","BRG","DG","VORNELL","16.89","13.85","3"
"6215-ZLT","DEEP GROOVE BALL BEARING 6215 ZELTRAK","BRG","DG","ZELTRAK","12.81","10.50","3"
"6215-ZZ-VRN","DEEP GROOVE BALL BEARING 6215-ZZ VORNELL","BRG","DG","VORNELL","21.04","17.25","3"
"6300-2RS-TDR","DEEP GROOVE BALL BEARING 6300-2RS TANDREL","BRG","DG","TANDREL","138.10","113.24","5"
"6300-ZLT","DEEP GROOVE BALL BEARING 6300 ZELTRAK","BRG","DG","ZELTRAK","5.26","4.31","3"
"6300-ZZ-TDR","DEEP GROOVE BALL BEARING 6300-ZZ TANDREL","BRG","DG","TANDREL","162.65","133.37","5"
"6301-2RS-C3-KDX","DEEP GROOVE BALL BEARING 6301-2RS-C3 KADRIX","BRG","DG","KADRIX","7.90","6.48","1"
"6301-2RS-KDX","DEEP GROOVE BALL BEARING 6301-2RS KADRIX","BRG","DG","KADRIX","7.95","6.52","1"
"6301-ZZ-VRN","DEEP GROOVE BALL BEARING 6301-ZZ VORNELL","BRG","DG","VORNELL","5.11","4.19","3"
"6302-2RS-C3-TDR","DEEP GROOVE BALL BEARING 6302-2RS-C3 TANDREL","BRG","DG","TANDREL","241.56","198.08","5"
"6302-2RS-TDR","DEEP GROOVE BALL BEARING 6302-2RS TANDREL","BRG","DG","TANDREL","187.19","153.50","5"
"6302-ZLT","DEEP GROOVE BALL BEARING 6302 ZELTRAK","BRG","DG","ZELTRAK","6.32","5.18","3"
"6302-ZZ-VRN","DEEP GROOVE BALL BEARING 6302-ZZ VORNELL","BRG","DG","VORNELL","5.97","4.90","3"
"6303-2RS-C3-KDX","DEEP GROOVE BALL BEARING 6303-2RS-C3 KADRIX","BRG","DG","KADRIX","6.44","5.28","1"
"6303-2RS-VRN","DEEP GROOVE BALL BEARING 6303-2RS VORNELL","BRG","DG","VORNELL","11.49","9.42","3"
"6303-TDR","DEEP GROOVE BALL BEARING 6303 TANDREL","BRG","DG","TANDREL","218.09","178.83","5"
"6303-VRN","DEEP GROOVE BALL BEARING 6303 VORNELL","BRG","DG","VORNELL","11.13","9.13","3"
"6303-ZZ-KDX","DEEP GROOVE BALL BEARING 6303-ZZ KADRIX","BRG","DG","KADRIX","7.46","6.12","1"
"6303-ZZ-VRN","DEEP GROOVE BALL BEARING 6303-ZZ VORNELL","BRG","DG","VORNELL","7.73","6.34","3"
"6303-ZZ-ZLT","DEEP GROOVE BALL BEARING 6303-ZZ ZELTRAK","BRG","DG","ZELTRAK","5.74","4.71","3"
"6304-2RS-C3-ZLT","DEEP GROOVE BALL BEARING 6304-2RS-C3 ZELTRAK","BRG","DG","ZELTRAK","8.30","6.81","3"
"6304-2RS-VRN","DEEP GROOVE BALL BEARING 6304-2RS VORNELL","BRG","DG","VORNELL","9.87","8.09","3"
"6304-TDR","DEEP GROOVE BALL BEARING 6304 TANDREL","BRG","DG","TANDREL","163.79","134.31","5"
"6304-ZZ-ZLT","DEEP GROOVE BALL BEARING 6304-ZZ ZELTRAK","BRG","DG","ZELTRAK","4.35","3.57","3"
"6305-2RS-KDX","DEEP GROOVE BALL BEARING 6305-2RS KADRIX","BRG","DG","KADRIX","7.33","6.01","1"
"6305-KDX","DEEP GROOVE BALL BEARING 6305 KADRIX","BRG","DG","KADRIX","8.50","6.97","1"
"6305-TDR","DEEP GROOVE BALL BEARING 6305 TANDREL","BRG","DG","TANDREL","202.12","165.74","5"
"6305-VRN","DEEP GROOVE BALL BEARING 6305 VORNELL","BRG","DG","VORNELL","12.36","10.14","3"
"6305-ZLT","DEEP GROOVE BALL BEARING 6305 ZELTRAK","BRG","DG","ZELTRAK","6.26","5.13","3"
"6305-ZZ-VRN","DEEP GROOVE BALL BEARING 6305-ZZ VORNELL","BRG","DG","VORNELL","10.82","8.87","3"
"6306-2RS-C3-VRN","DEEP GROOVE BALL BEARING 6306-2RS-C3 VORNELL","BRG","DG","VORNELL","13.39","10.98","3"
"6306-2RS-TDR","DEEP GROOVE BALL BEARING 6306-2RS TANDREL","BRG","DG","TANDREL","350.16","287.13","5"
"6306-TDR","DEEP GROOVE BALL BEARING 6306 TANDREL","BRG","DG","TANDREL","323.46","265.24","5"
"6306-VRN","DEEP GROOVE BALL BEARING 6306 VORNELL","BRG","DG","VORNELL","7.77","6.37","3"
"6306-ZZ-TDR","DEEP GROOVE BALL BEARING 6306-ZZ TANDREL","BRG","DG","TANDREL","282.22","231.42","5"
"6307-2RS-C3-VRN ","DEEP GROOVE BALL BEARING 6307-2RS-C3 VORNELL","BRG","DG","VORNELL","15.75","12.92","3"
"6307-ZZ-VRN","DEEP GROOVE BALL BEARING 6307-ZZ VORNELL","BRG","DG","VORNELL","8.25","6.76","3"
"6308-2RS-C3-VRN","DEEP GROOVE BALL BEARING 6308-2RS-C3 VORNELL","BRG","DG","VORNELL","18.05","14.80","3"
"6308-2RS-KDX","DEEP GROOVE BALL BEARING 6308-2RS KADRIX","BRG","DG","KADRIX","12.76","10.46","1"
"6308-KDX","DEEP GROOVE BALL BEARING 6308 KADRIX","BRG","DG","KADRIX","8.62","7.07","1"
"6308-ZZ-VRN","DEEP GROOVE BALL BEARING 6308-ZZ VORNELL","BRG","DG","VORNELL","11.06","9.07","3"
"6309-2RS-C3-KDX","DEEP GROOVE BALL BEARING 6309-2RS-C3 KADRIX","BRG","DG","KADRIX","12.48","10.23","1"
"6309-2RS-C3-TDR","DEEP GROOVE BALL BEARING 6309-2RS-C3 TANDREL","BRG","DG","TANDREL","409.53","335.81","5"
"6309-2RS-C3-VRN","DEEP GROOVE BALL BEARING 6309-2RS-C3 VORNELL","BRG","DG","VORNELL","8.68","7.12","3"
"6309-2RS-VRN","DEEP GROOVE BALL BEARING 6309-2RS VORNELL","BRG","DG","VORNELL","13.52","11.09","3"
"6309-KDX","DEEP GROOVE BALL BEARING 6309 KADRIX","BRG","DG","KADRIX","9.00","7.38","1"
"6309-ZZ-TDR","DEEP GROOVE BALL BEARING 6309-ZZ TANDREL","BRG","DG","TANDREL","385.87","316.41","5"
"6310-2RS-C3-KDX","DEEP GROOVE BALL BEARING 6310-2RS-C3 KADRIX","BRG","DG","KADRIX","12.92","10.59","1"
"6310-2RS-C3-TDR","DEEP GROOVE BALL BEARING 6310-2RS-C3 TANDREL","BRG","DG","TANDREL","303.52","248.89","5"
"6310-2RS-C3-VRN","DEEP GROOVE BALL BEARING 6310-2RS-C3 VORNELL","BRG","DG","VORNELL","17.46","14.32","3"
"6310-2RS-C3-ZLT","DEEP GROOVE BALL BEARING 6310-2RS-C3 ZELTRAK","BRG","DG","ZELTRAK","11.47","9.41","3"
"6310-KDX ","DEEP GROOVE BALL BEARING 6310 KADRIX","BRG","DG","KADRIX","13.59","11.14","1"
"6310-ZZ-KDX","DEEP GROOVE BALL BEARING 6310-ZZ KADRIX","BRG","DG","KADRIX","8.76","7.18","1"
"6311-2RS-C3-VRN","DEEP GROOVE BALL BEARING 6311-2RS-C3 VORNELL","BRG","DG","VORNELL","14.36","11.78","3"
"6311-2RS-TDR","DEEP GROOVE BALL BEARING 6311-2RS TANDREL","BRG","DG","TANDREL","208.82","171.23","5"
"6311-VRN","DEEP GROOVE BALL BEARING 6311 VORNELL","BRG","DG","VORNELL","17.42","14.28","3"
"6312-2RS-C3-VRN","DEEP GROOVE BALL BEARING 6312-2RS-C3 VORNELL","BRG","DG","VORNELL","16.40","13.45","3"
"6312-2RS-VRN","DEEP GROOVE BALL BEARING 6312-2RS VORNELL","BRG","DG","VORNELL","13.83","11.34","3"
"6312-KDX","DEEP GROOVE BALL BEARING 6312 KADRIX","BRG","DG","KADRIX","16.20","13.28","1"
"6312-ZZ-TDR","DEEP GROOVE BALL BEARING 6312-ZZ TANDREL","BRG","DG","TANDREL","385.27","315.92","5"
"65x77x12-NBR-ORL","OIL SEAL 65x77x12 NBR ORLENTA","SEL","OS","ORLENTA","5.76","4.72","3"
"65x77x8-FKM-ORL","OIL SEAL 65x77x8 FKM ORLENTA","SEL","OS","ORLENTA","6.23","5.11","3"
"65x85x12-NBR-ORL","OIL SEAL 65x85x12 NBR ORLENTA","SEL","OS","ORLENTA","6.72","5.51","3"
"65x85x7-NBR-ORL","OIL SEAL 65x85x7 NBR ORLENTA","SEL","OS","ORLENTA","5.68","4.66","5"
"65x87x7-NBR-ORL","OIL SEAL 65x87x7 NBR ORLENTA","SEL","OS","ORLENTA","9.16","7.51","3"
"65x90x12-NBR-ORL","OIL SEAL 65x90x12 NBR ORLENTA","SEL","OS","ORLENTA","5.68","4.66","3"
"65x95x12-NBR-TDR","OIL SEAL 65x95x12 NBR TANDREL","SEL","OS","TANDREL","198.66","162.90","5"
"65x95x7-NBR-ORL","OIL SEAL 65x95x7 NBR ORLENTA","SEL","OS","ORLENTA","6.13","5.03","3"
"6800-2RS-C3-KDX","DEEP GROOVE BALL BEARING 6800-2RS-C3 KADRIX","BRG","DG","KADRIX","5.79","4.75","1"
"6800-2RS-VRN","DEEP GROOVE BALL BEARING 6800-2RS VORNELL","BRG","DG","VORNELL","6.50","5.33","3"
"6800-VRN","DEEP GROOVE BALL BEARING 6800 VORNELL","BRG","DG","VORNELL","4.98","4.08","3"
"6800-ZZ-ZLT","DEEP GROOVE BALL BEARING 6800-ZZ ZELTRAK","BRG","DG","ZELTRAK","3.51","2.88","3"
"6801-2RS-C3-KDX","DEEP GROOVE BALL BEARING 6801-2RS-C3 KADRIX","BRG","DG","KADRIX","6.02","4.94","1"
"6801-2RS-TDR","DEEP GROOVE BALL BEARING 6801-2RS TANDREL","BRG","DG","TANDREL","131.34","107.70","5"
"6801-KDX","DEEP GROOVE BALL BEARING 6801 KADRIX","BRG","DG","KADRIX","6.55","5.37","1"
"6801-ZZ-TDR","DEEP GROOVE BALL BEARING 6801-ZZ TANDREL","BRG","DG","TANDREL","189.90","155.72","5"
"6802-2RS-C3-TDR","DEEP GROOVE BALL BEARING 6802-2RS-C3 TANDREL","BRG","DG","TANDREL","161.80","132.68","5"
"6802-2RS-ZLT","DEEP GROOVE BALL BEARING 6802-2RS ZELTRAK","BRG","DG","ZELTRAK","6.26","5.13","3"
"6803-2RS-C3-VRN","DEEP GROOVE BALL BEARING 6803-2RS-C3 VORNELL","BRG","DG","VORNELL","7.11","5.83","3"
"6803-2RS-VRN","DEEP GROOVE BALL BEARING 6803-2RS VORNELL","BRG","DG","VORNELL","5.17","4.24","3"
"6803-TDR","DEEP GROOVE BALL BEARING 6803 TANDREL","BRG","DG","TANDREL","149.68","122.74","5"
"6803-ZZ-TDR","DEEP GROOVE BALL BEARING 6803-ZZ TANDREL","BRG","DG","TANDREL","189.61","155.48","5"
"6804--VRN","DEEP GROOVE BALL BEARING 6804 VORNELL","BRG","DG","VORNELL","8.29","6.80","3"
"6804-2RS-C3-KDX","DEEP GROOVE BALL BEARING 6804-2RS-C3 KADRIX","BRG","DG","KADRIX","5.82","4.77","1"
"6804-2RS-TDR","DEEP GROOVE BALL BEARING 6804-2RS TANDREL","BRG","DG","TANDREL","292.58","239.92","5"
"6804-ZZ-KDX","DEEP GROOVE BALL BEARING 6804-ZZ KADRIX","BRG","DG","KADRIX","8.27","6.78","1"
"6805-2RS-C3-VRN","DEEP GROOVE BALL BEARING 6805-2RS-C3 VORNELL","BRG","DG","VORNELL","13.17","10.80","3"
"6805-2RS-VRN","DEEP GROOVE BALL BEARING 6805-2RS VORNELL","BRG","DG","VORNELL","8.69","7.13","3"
"6805-ZLT","DEEP GROOVE BALL BEARING 6805 ZELTRAK","BRG","DG","ZELTRAK","6.67","5.47","3"
"6805-ZZ-KDX","DEEP GROOVE BALL BEARING 6805-ZZ KADRIX","BRG","DG","KADRIX","7.78","6.38","1"
"6805-ZZ-VRN","DEEP GROOVE BALL BEARING 6805-ZZ VORNELL","BRG","DG","VORNELL","6.70","5.49","3"
"6805-ZZ-ZLT","DEEP GROOVE BALL BEARING 6805-ZZ ZELTRAK","BRG","DG","ZELTRAK","8.92","7.31","3"
"6806-2RS-C3-VRN","DEEP GROOVE BALL BEARING 6806-2RS-C3 VORNELL","BRG","DG","VORNELL","6.97","5.72","5"
"6806-KDX","DEEP GROOVE BALL BEARING 6806 KADRIX","BRG","DG","KADRIX","7.52","6.17","1"
"6806-TDR","DEEP GROOVE BALL BEARING 6806 TANDREL","BRG","DG","TANDREL","257.90","211.48","5"
"6806-VRN","DEEP GROOVE BALL BEARING 6806 VORNELL","BRG","DG","VORNELL","14.32","11.74","3"
"6806-ZLT","DEEP GROOVE BALL BEARING 6806 ZELTRAK","BRG","DG","ZELTRAK","9.51","7.80","3"
"6806-ZZ-KDX","DEEP GROOVE BALL BEARING 6806-ZZ KADRIX","BRG","DG","KADRIX","8.61","7.06","1"
"6807-2RS-C3-TDR","DEEP GROOVE BALL BEARING 6807-2RS-C3 TANDREL","BRG","DG","TANDREL","260.60","213.69","5"
"6807-2RS-TDR","DEEP GROOVE BALL BEARING 6807-2RS TANDREL","BRG","DG","TANDREL","257.40","211.07","5"
"6807-2RS-VRN","DEEP GROOVE BALL BEARING 6807-2RS VORNELL","BRG","DG","VORNELL","11.53","9.45","3"
"6807-KDX","DEEP GROOVE BALL BEARING 6807 KADRIX","BRG","DG","KADRIX","11.79","9.67","1"
"6808--2RS-C3-VRN","DEEP GROOVE BALL BEARING 6808-2RS-C3 VORNELL","BRG","DG","VORNELL","11.91","9.77","3"
"6808-2RS-KDX","DEEP GROOVE BALL BEARING 6808-2RS KADRIX","BRG","DG","KADRIX","7.96","6.53","1"
"6808-KDX","DEEP GROOVE BALL BEARING 6808 KADRIX","BRG","DG","KADRIX","13.18","10.81","1"
"6808-TDR","DEEP GROOVE BALL BEARING 6808 TANDREL","BRG","DG","TANDREL","332.39","272.56","5"
"6808-VRN","DEEP GROOVE BALL BEARING 6808 VORNELL","BRG","DG","VORNELL","15.56","12.76","3"
"6808-ZZ-KDX","DEEP GROOVE BALL BEARING 6808-ZZ KADRIX","BRG","DG","KADRIX","11.32","9.28","1"
"6808-ZZ-VRN","DEEP GROOVE BALL BEARING 6808-ZZ VORNELL","BRG","DG","VORNELL","12.22","10.02","3"
"6809-2RS-C3-VRN","DEEP GROOVE BALL BEARING 6809-2RS-C3 VORNELL","BRG","DG","VORNELL","13.60","11.15","3"
"6809-2RS-TDR","DEEP GROOVE BALL BEARING 6809-2RS TANDREL","BRG","DG","TANDREL","366.39","300.44","5"
"6809-VRN","DEEP GROOVE BALL BEARING 6809 VORNELL","BRG","DG","VORNELL","13.50","11.07","3"
"6809-ZZ-VRN","DEEP GROOVE BALL BEARING 6809-ZZ VORNELL","BRG","DG","VORNELL","10.79","8.85","3"
"6810-2RS-C3-TDR","DEEP GROOVE BALL BEARING 6810-2RS-C3 TANDREL","BRG","DG","TANDREL","344.20","282.24","5"
"6810-2RS-ZLT","DEEP GROOVE BALL BEARING 6810-2RS ZELTRAK","BRG","DG","ZELTRAK","9.53","7.81","3"
"6810-KDX","DEEP GROOVE BALL BEARING 6810 KADRIX","BRG","DG","KADRIX","8.27","6.78","1"
"6810-VRN","DEEP GROOVE BALL BEARING 6810 VORNELL","BRG","DG","VORNELL","13.37","10.96","3"
"6810-ZZ-VRN","DEEP GROOVE BALL BEARING 6810-ZZ VORNELL","BRG","DG","VORNELL","7.70","6.31","3"
"6900-2RS-C3-VRN","DEEP GROOVE BALL BEARING 6900-2RS-C3 VORNELL","BRG","DG","VORNELL","5.61","4.60","3"
"6900-2RS-VRN","DEEP GROOVE BALL BEARING 6900-2RS VORNELL","BRG","DG","VORNELL","5.88","4.82","3"
"6900-KDX","DEEP GROOVE BALL BEARING 6900 KADRIX","BRG","DG","KADRIX","5.58","4.58","1"
"6900-ZZ-VRN","DEEP GROOVE BALL BEARING 6900-ZZ VORNELL","BRG","DG","VORNELL","4.96","4.07","3"
"6901-2RS-C3-VRN ","DEEP GROOVE BALL BEARING 6901-2RS-C3 VORNELL","BRG","DG","VORNELL","6.70","5.49","3"
"6901-2RS-KDX","DEEP GROOVE BALL BEARING 6901-2RS KADRIX","BRG","DG","KADRIX","4.75","3.90","1"
"6901-VRN","DEEP GROOVE BALL BEARING 6901 VORNELL","BRG","DG","VORNELL","7.31","5.99","3"
"6901-ZZ-TDR","DEEP GROOVE BALL BEARING 6901-ZZ TANDREL","BRG","DG","TANDREL","182.84","149.93","5"
"6902-2RS-C3-TDR","DEEP GROOVE BALL BEARING 6902-2RS-C3 TANDREL","BRG","DG","TANDREL","178.18","146.11","5"
"6902-2RS-KDX","DEEP GROOVE BALL BEARING 6902-2RS KADRIX","BRG","DG","KADRIX","6.66","5.46","1"
"6902-2RS-TDR","DEEP GROOVE BALL BEARING 6902-2RS TANDREL","BRG","DG","TANDREL","154.12","126.38","5"
"6902-2RS-VRN","DEEP GROOVE BALL BEARING 6902-2RS VORNELL","BRG","DG","VORNELL","6.53","5.35","3"
"6902-VRN","DEEP GROOVE BALL BEARING 6902 VORNELL","BRG","DG","VORNELL","6.83","5.60","3"
"6902-ZZ-KDX","DEEP GROOVE BALL BEARING 6902-ZZ KADRIX","BRG","DG","KADRIX","6.00","4.92","1"
"6903-2RS-C3-TDR","DEEP GROOVE BALL BEARING 6903-2RS-C3 TANDREL","BRG","DG","TANDREL","210.69","172.77","5"
"6903-ZZ-VRN","DEEP GROOVE BALL BEARING 6903-ZZ VORNELL","BRG","DG","VORNELL","8.57","7.03","3"
"6903–2RS-KDX","DEEP GROOVE BALL BEARING 6903-2RS KADRIX","BRG","DG","KADRIX","9.66","7.92","1"
"6904-2RS-C3-VRN","DEEP GROOVE BALL BEARING 6904-2RS-C3 VORNELL","BRG","DG","VORNELL","11.32","9.28","3"
"6904-2RS-C3-ZLT","DEEP GROOVE BALL BEARING 6904-2RS-C3 ZELTRAK","BRG","DG","ZELTRAK","6.81","5.58","3"
"6904-VRN ","DEEP GROOVE BALL BEARING 6904 VORNELL","BRG","DG","VORNELL","9.32","7.64","3"
"6904-ZZ-VRN","DEEP GROOVE BALL BEARING 6904-ZZ VORNELL","BRG","DG","VORNELL","12.72","10.43","3"
"6905--2RS-TDR","DEEP GROOVE BALL BEARING 6905-2RS TANDREL","BRG","DG","TANDREL","181.76","149.04","5"
"6905-KDX","DEEP GROOVE BALL BEARING 6905 KADRIX","BRG","DG","KADRIX","9.25","7.58","1"
"6905-ZZ-ZLT","DEEP GROOVE BALL BEARING 6905-ZZ ZELTRAK","BRG","DG","ZELTRAK","6.94","5.69","3"
"6906-2RS-C3-TDR","DEEP GROOVE BALL BEARING 6906-2RS-C3 TANDREL","BRG","DG","TANDREL","221.14","181.33","5"
"6906-2RS-VRN","DEEP GROOVE BALL BEARING 6906-2RS VORNELL","BRG","DG","VORNELL","12.32","10.10","3"
"6906-VRN","DEEP GROOVE BALL BEARING 6906 VORNELL","BRG","DG","VORNELL","11.84","9.71","3"
"6906-ZZ-TDR","DEEP GROOVE BALL BEARING 6906-ZZ TANDREL","BRG","DG","TANDREL","280.29","229.84","5"
"6907-2RS-C3-TDR","DEEP GROOVE BALL BEARING 6907-2RS-C3 TANDREL","BRG","DG","TANDREL","357.71","293.32","5"
"6907-2RS-ZLT","DEEP GROOVE BALL BEARING 6907-2RS ZELTRAK","BRG","DG","ZELTRAK","7.20","5.90","3"
"6907-ZZ-KDX","DEEP GROOVE BALL BEARING 6907-ZZ KADRIX","BRG","DG","KADRIX","8.68","7.12","1"
"6908-2RS-C3-KDX","DEEP GROOVE BALL BEARING 6908-2RS-C3 KADRIX","BRG","DG","KADRIX","10.24","8.40","1"
"6908-2RS-KDX","DEEP GROOVE BALL BEARING 6908-2RS KADRIX","BRG","DG","KADRIX","12.05","9.88","1"
"6908-ZLT","DEEP GROOVE BALL BEARING 6908 ZELTRAK","BRG","DG","ZELTRAK","7.92","6.49","3"
"6908-ZZ-TDR","DEEP GROOVE BALL BEARING 6908-ZZ TANDREL","BRG","DG","TANDREL","296.93","243.48","5"
"6909-2RS-C3-TDR","DEEP GROOVE BALL BEARING 6909-2RS-C3 TANDREL","BRG","DG","TANDREL","390.53","320.23","5"
"6909-2RS-ZLT","DEEP GROOVE BALL BEARING 6909-2RS ZELTRAK","BRG","DG","ZELTRAK","11.88","9.74","3"
"6909-TDR","DEEP GROOVE BALL BEARING 6909 TANDREL","BRG","DG","TANDREL","412.23","338.03","5"
"6909-VRN","DEEP GROOVE BALL BEARING 6909 VORNELL","BRG","DG","VORNELL","13.96","11.45","3"
"6909-ZZ-KDX","DEEP GROOVE BALL BEARING 6909-ZZ KADRIX","BRG","DG","KADRIX","7.29","5.98","1"
"6909-ZZ-VRN","DEEP GROOVE BALL BEARING 6909-ZZ VORNELL","BRG","DG","VORNELL","11.88","9.74","3"
"6910--ZZ-ZLT","DEEP GROOVE BALL BEARING 6910-ZZ ZELTRAK","BRG","DG","ZELTRAK","8.42","6.90","3"
"6910-2RS-KDX","DEEP GROOVE BALL BEARING 6910-2RS KADRIX","BRG","DG","KADRIX","10.21","8.37","1"
"6910-ZZ-TDR","DEEP GROOVE BALL BEARING 6910-ZZ TANDREL","BRG","DG","TANDREL","382.85","313.94","5"
"70x82x12-NBR-ORL","OIL SEAL 70x82x12 NBR ORLENTA","SEL","OS","ORLENTA","7.17","5.88","3"
"70x85x12-NBR-ORL","OIL SEAL 70x85x12 NBR ORLENTA","SEL","OS","ORLENTA","6.61","5.42","3"
"70x85x7-FKM-ORL","OIL SEAL 70x85x7 FKM ORLENTA","SEL","OS","ORLENTA","7.32","6.00","3"
"70x90x12-NBR-TDR","OIL SEAL 70x90x12 NBR TANDREL","SEL","OS","TANDREL","199.05","163.22","5"
"70x95x7-NBR-ORL","OIL SEAL 70x95x7 NBR ORLENTA","SEL","OS","ORLENTA","7.00","5.74","3"
"70x95x8-NBR-ORL","OIL SEAL 70x95x8 NBR ORLENTA","SEL","OS","ORLENTA","6.07","4.98","3"
"75x105x8-FKM-ORL","OIL SEAL 75x105x8 FKM ORLENTA","SEL","OS","ORLENTA","8.60","7.05","3"
"75x92x8-FKM-TDR","OIL SEAL 75x92x8 FKM TANDREL","SEL","OS","TANDREL","192.93","158.20","5"
"75x95x12-NBR-TDR","OIL SEAL 75x95x12 NBR TANDREL","SEL","OS","TANDREL","189.09","155.05","5"
"75x97x8-NBR-ORL","OIL SEAL 75x97x8 NBR ORLENTA","SEL","OS","ORLENTA","5.97","4.90","3"
"80x102x10-FKM-ORL","OIL SEAL 80x102x10 FKM ORLENTA","SEL","OS","ORLENTA","8.90","7.30","3"
"80x102x10-FKM-TDR","OIL SEAL 80x102x10 FKM TANDREL","SEL","OS","TANDREL","332.98","273.04","5"
"80x102x10-NBR-ORL","OIL SEAL 80x102x10 NBR ORLENTA","SEL","OS","ORLENTA","5.98","4.90","3"
"80x102x10-NBR-TDR","OIL SEAL 80x102x10 NBR TANDREL","SEL","OS","TANDREL","373.65","306.39","5"
"80x105x10-FKM-ORL","OIL SEAL 80x105x10 FKM ORLENTA","SEL","OS","ORLENTA","6.39","5.24","3"
"80x92x7-FKM-TDR","OIL SEAL 80x92x7 FKM TANDREL","SEL","OS","TANDREL","213.69","175.23","5"
"80x95x8-FKM-ORL","OIL SEAL 80x95x8 FKM ORLENTA","SEL","OS","ORLENTA","5.16","4.23","3"
"80x95x8-NBR-ORL","OIL SEAL 80x95x8 NBR ORLENTA","SEL","OS","ORLENTA","8.05","6.60","3"
"80x95x8-NBR-TDR","OIL SEAL 80x95x8 NBR TANDREL","SEL","OS","TANDREL","227.39","186.46","5"
"80x97x8-NBR-TDR","OIL SEAL 80x97x8 NBR TANDREL","SEL","OS","TANDREL","253.03","207.48","5"
"85x105x12-NBR-TDR","OIL SEAL 85x105x12 NBR TANDREL","SEL","OS","TANDREL","225.19","184.66","5"
"85x110x8-NBR-ORL","OIL SEAL 85x110x8 NBR ORLENTA","SEL","OS","ORLENTA","7.10","5.82","3"
"85x115x12-NBR-ORL","OIL SEAL 85x115x12 NBR ORLENTA","SEL","OS","ORLENTA","8.33","6.83","3"
"85x115x7-FKM-TDR","OIL SEAL 85x115x7 FKM TANDREL","SEL","OS","TANDREL","252.53","207.07","5"
"85x97x10-FKM-ORL","OIL SEAL 85x97x10 FKM ORLENTA","SEL","OS","ORLENTA","6.00","4.92","3"
"90x105x12-FKM-ORL","OIL SEAL 90x105x12 FKM ORLENTA","SEL","OS","ORLENTA","9.42","7.72","3"
"90x105x7-NBR-ORL","OIL SEAL 90x105x7 NBR ORLENTA","SEL","OS","ORLENTA","10.29","8.44","3"
"90x107x10-NBR-TDR","OIL SEAL 90x107x10 NBR TANDREL","SEL","OS","TANDREL","413.02","338.68","5"
"90x120x8-FKM-ORL","OIL SEAL 90x120x8 FKM ORLENTA","SEL","OS","ORLENTA","6.38","5.23","3"
"95x107x10-NBR-ORL","OIL SEAL 95x107x10 NBR ORLENTA","SEL","OS","ORLENTA","10.71","8.78","3"
"95x107x8-NBR-ORL","OIL SEAL 95x107x8 NBR ORLENTA","SEL","OS","ORLENTA","15.12","12.40","3"
"95x110x8-FKM-ORL","OIL SEAL 95x110x8 FKM ORLENTA","SEL","OS","ORLENTA","9.03","7.40","3"
"95x117x12-NBR-ORL","OIL SEAL 95x117x12 NBR ORLENTA","SEL","OS","ORLENTA","11.21","9.19","3"
"95x117x8-NBR-TDR","OIL SEAL 95x117x8 NBR TANDREL","SEL","OS","TANDREL","371.40","304.55","5"
"95x120x7-NBR-TDR","OIL SEAL 95x120x7 NBR TANDREL","SEL","OS","TANDREL","287.49","235.74","5"
"95x125x10-NBR-TDR","OIL SEAL 95x125x10 NBR TANDREL","SEL","OS","TANDREL","270.00","221.40","5"
"A--80-MRV","CLASSIC V-BELT A-80 MIRVANO","BLT","VB","MIRVANO","8.60","7.05","3"
"A-24-MRV","CLASSIC V-BELT A-24 MIRVANO","BLT","VB","MIRVANO","3.64","2.98","3"
"A-24-TDR","CLASSIC V-BELT A-24 TANDREL","BLT","VB","TANDREL","108.33","88.83","5"
"A-32-MRV","CLASSIC V-BELT A-32 MIRVANO","BLT","VB","MIRVANO","4.08","3.35","3"
"A-40-MRV","CLASSIC V-BELT A-40 MIRVANO","BLT","VB","MIRVANO","5.52","4.53","3"
"A-40-TDR","CLASSIC V-BELT A-40 TANDREL","BLT","VB","TANDREL","149.66","122.72","5"
"A-48-MRV","CLASSIC V-BELT A-48 MIRVANO","BLT","VB","MIRVANO","5.09","4.17","3"
"A-48-TDR","CLASSIC V-BELT A-48 TANDREL","BLT","VB","TANDREL","238.56","195.62","5"
"A-52-MRV","CLASSIC V-BELT A-52 MIRVANO","BLT","VB","MIRVANO","9.46","7.76","3"
"A-52-TDR","CLASSIC V-BELT A-52 TANDREL","BLT","VB","TANDREL","232.12","190.34","5"
"A-56-TDR","CLASSIC V-BELT A-56 TANDREL","BLT","VB","TANDREL","245.48","201.29","5"
"A-60-MRV","CLASSIC V-BELT A-60 MIRVANO","BLT","VB","MIRVANO","6.88","5.64","3"
"A-64-TDR","CLASSIC V-BELT A-64 TANDREL","BLT","VB","TANDREL","269.89","221.31","5"
"A-72-MRV","CLASSIC V-BELT A-72 MIRVANO","BLT","VB","MIRVANO","10.85","8.90","3"
"A-76-TDR","CLASSIC V-BELT A-76 TANDREL","BLT","VB","TANDREL","400.02","328.02","5"
"B-28-TDR","CLASSIC V-BELT B-28 TANDREL","BLT","VB","TANDREL","70.35","57.69","5"
"B-40-MRV","CLASSIC V-BELT B-40 MIRVANO","BLT","VB","MIRVANO","7.27","5.96","3"
"B-40-TDR","CLASSIC V-BELT B-40 TANDREL","BLT","VB","TANDREL","154.10","126.36","5"
"B-48-MRV","CLASSIC V-BELT B-48 MIRVANO","BLT","VB","MIRVANO","7.73","6.34","3"
"B-52-MRV","CLASSIC V-BELT B-52 MIRVANO","BLT","VB","MIRVANO","6.41","5.26","3"
"B-60-MRV","CLASSIC V-BELT B-60 MIRVANO","BLT","VB","MIRVANO","9.24","7.58","3"
"B-60-TDR","CLASSIC V-BELT B-60 TANDREL","BLT","VB","TANDREL","301.07","246.88","5"
"B-64-MRV","CLASSIC V-BELT B-64 MIRVANO","BLT","VB","MIRVANO","9.22","7.56","3"
"B-68-TDR","CLASSIC V-BELT B-68 TANDREL","BLT","VB","TANDREL","307.24","251.94","5"
"B-76-MRV","CLASSIC V-BELT B-76 MIRVANO","BLT","VB","MIRVANO","10.57","8.67","3"
"B-80-MRV","CLASSIC V-BELT B-80 MIRVANO","BLT","VB","MIRVANO","9.89","8.11","3"
"NJ205-TDR","CYLINDRICAL ROLLER BEARING NJ205 TANDREL","BRG","CY","TANDREL","1005.55","824.55","5"
"NJ206-TDR ","CYLINDRICAL ROLLER BEARING NJ206 TANDREL","BRG","CY","TANDREL","861.13","706.13","5"
"NJ207-ZLT","CYLINDRICAL ROLLER BEARING NJ207 ZELTRAK","BRG","CY","ZELTRAK","41.16","33.75","3"
"NJ208-VRN","CYLINDRICAL ROLLER BEARING NJ208 VORNELL","BRG","CY","VORNELL","49.92","40.93","3"
"NJ209-VRN","CYLINDRICAL ROLLER BEARING NJ209 VORNELL","BRG","CY","VORNELL","50.97","41.80","3"
"NJ210-KDX","CYLINDRICAL ROLLER BEARING NJ210 KADRIX","BRG","CY","KADRIX","28.15","23.08","1"
"NJ211-VRN","CYLINDRICAL ROLLER BEARING NJ211 VORNELL","BRG","CY","VORNELL","67.85","55.64","3"
"NJ212-VRN","CYLINDRICAL ROLLER BEARING NJ212 VORNELL","BRG","CY","VORNELL","60.51","49.62","3"
"NU205-ZLT","CYLINDRICAL ROLLER BEARING NU205 ZELTRAK","BRG","CY","ZELTRAK","34.36","28.18","3"
"NU206-VRN","CYLINDRICAL ROLLER BEARING NU206 VORNELL","BRG","CY","VORNELL","40.15","32.92","3"
"NU208-KDX","CYLINDRICAL ROLLER BEARING NU208 KADRIX","BRG","CY","KADRIX","45.25","37.10","1"
"NU209-VRN","CYLINDRICAL ROLLER BEARING NU209 VORNELL","BRG","CY","VORNELL","56.37","46.22","3"
"NU210-KDX","CYLINDRICAL ROLLER BEARING NU210 KADRIX","BRG","CY","KADRIX","43.71","35.84","1"
"NU210-TDR","CYLINDRICAL ROLLER BEARING NU210 TANDREL","BRG","CY","TANDREL","1448.28","1187.59","5"
"NU210-VRN","CYLINDRICAL ROLLER BEARING NU210 VORNELL","BRG","CY","VORNELL","61.45","50.39","3"
"NU211-KDX","CYLINDRICAL ROLLER BEARING NU211 KADRIX","BRG","CY","KADRIX","45.83","37.58","1"
"NU211-TDR","CYLINDRICAL ROLLER BEARING NU211 TANDREL","BRG","CY","TANDREL","1661.72","1362.61","5"
"NU212-KDX","CYLINDRICAL ROLLER BEARING NU212 KADRIX","BRG","CY","KADRIX","49.86","40.89","1"
"NU212-TDR","CYLINDRICAL ROLLER BEARING NU212 TANDREL","BRG","CY","TANDREL","1169.09","958.65","5"
"NU212-VRN","CYLINDRICAL ROLLER BEARING NU212 VORNELL","BRG","CY","VORNELL","51.49","42.22","3"
"SPA-1000-TDR","NARROW V-BELT SPA-1000 TANDREL","BLT","NV","TANDREL","254.81","208.94","5"
"SPA-1100-MRV","NARROW V-BELT SPA-1100 MIRVANO","BLT","NV","MIRVANO","8.17","6.70","3"
"SPA-1200-MRV","NARROW V-BELT SPA-1200 MIRVANO","BLT","NV","MIRVANO","9.14","7.49","3"
"SPA-1200-TDR","NARROW V-BELT SPA-1200 TANDREL","BLT","NV","TANDREL","371.33","304.49","5"
"SPA-1300-MRV","NARROW V-BELT SPA-1300 MIRVANO","BLT","NV","MIRVANO","12.02","9.86","3"
"SPA-1500-TDR","NARROW V-BELT SPA-1500 TANDREL","BLT","NV","TANDREL","455.64","373.62","5"
"SPA-1600-MRV","NARROW V-BELT SPA-1600 MIRVANO","BLT","NV","MIRVANO","14.88","12.20","3"
"SPA-1700-TDR","NARROW V-BELT SPA-1700 TANDREL","BLT","NV","TANDREL","370.25","303.60","5"
"SPA-1800-TDR","NARROW V-BELT SPA-1800 TANDREL","BLT","NV","TANDREL","452.78","371.28","5"
"SPA-2000-MRV","NARROW V-BELT SPA-2000 MIRVANO","BLT","NV","MIRVANO","20.25","16.60","3"
"SPA-2100-MRV","NARROW V-BELT SPA-2100 MIRVANO","BLT","NV","MIRVANO","18.39","15.08","3"
"SPA-2200-TDR","NARROW V-BELT SPA-2200 TANDREL","BLT","NV","TANDREL","456.10","374.00","5"
"SPA-2300-TDR","NARROW V-BELT SPA-2300 TANDREL","BLT","NV","TANDREL","534.81","438.54","5"
"SPA-2400-MRV","NARROW V-BELT SPA-2400 MIRVANO","BLT","NV","MIRVANO","18.16","14.89","3"
"SPA-600-MRV","NARROW V-BELT SPA-600 MIRVANO","BLT","NV","MIRVANO","4.76","3.90","3"
"SPA-700-MRV","NARROW V-BELT SPA-700 MIRVANO","BLT","NV","MIRVANO","5.85","4.80","3"
"SPA–1400-MRV","NARROW V-BELT SPA-1400 MIRVANO","BLT","NV","MIRVANO","9.72","7.97","3"
"SPB--1800-MRV","NARROW V-BELT SPB-1800 MIRVANO","BLT","NV","MIRVANO","16.71","13.70","3"
"SPB-1000-MRV","NARROW V-BELT SPB-1000 MIRVANO","BLT","NV","MIRVANO","7.22","5.92","3"
"SPB-1100-MRV ","NARROW V-BELT SPB-1100 MIRVANO","BLT","NV","MIRVANO","9.57","7.85","3"
"SPB-1300-MRV","NARROW V-BELT SPB-1300 MIRVANO","BLT","NV","MIRVANO","11.68","9.58","3"
"SPB-1400-MRV","NARROW V-BELT SPB-1400 MIRVANO","BLT","NV","MIRVANO","9.44","7.74","3"
"SPB-1500-MRV","NARROW V-BELT SPB-1500 MIRVANO","BLT","NV","MIRVANO","8.81","7.22","3"
"SPB-1600-MRV","NARROW V-BELT SPB-1600 MIRVANO","BLT","NV","MIRVANO","11.45","9.39","3"
"SPB-1700-TDR","NARROW V-BELT SPB-1700 TANDREL","BLT","NV","TANDREL","420.37","344.70","5"
"SPB-2000-MRV","NARROW V-BELT SPB-2000 MIRVANO","BLT","NV","MIRVANO","18.46","15.14","3"
"SPB-2300-MRV","NARROW V-BELT SPB-2300 MIRVANO","BLT","NV","MIRVANO","17.45","14.31","3"
"SPB-2400-MRV","NARROW V-BELT SPB-2400 MIRVANO","BLT","NV","MIRVANO","22.77","18.67","3"
"SPB-600-TDR","NARROW V-BELT SPB-600 TANDREL","BLT","NV","TANDREL","182.20","149.40","5"
"SPB-700-MRV","NARROW V-BELT SPB-700 MIRVANO","BLT","NV","MIRVANO","6.68","5.48","3"
"SPB-800-MRV","NARROW V-BELT SPB-800 MIRVANO","BLT","NV","MIRVANO","7.00","5.74","3"
"SPB-900-MRV","NARROW V-BELT SPB-900 MIRVANO","BLT","NV","MIRVANO","5.95","4.88","3"
"SPZ-1000-MRV","NARROW V-BELT SPZ-1000 MIRVANO","BLT","NV","MIRVANO","7.10","5.82","3"
"SPZ-1100-TDR","NARROW V-BELT SPZ-1100 TANDREL","BLT","NV","TANDREL","377.95","309.92","5"
"SPZ-1400-MRV ","NARROW V-BELT SPZ-1400 MIRVANO","BLT","NV","MIRVANO","10.73","8.80","3"
"SPZ-1500-MRV","NARROW V-BELT SPZ-1500 MIRVANO","BLT","NV","MIRVANO","13.90","11.40","3"
"SPZ-1600-MRV","NARROW V-BELT SPZ-1600 MIRVANO","BLT","NV","MIRVANO","13.87","11.37","3"
"SPZ-1700-MRV","NARROW V-BELT SPZ-1700 MIRVANO","BLT","NV","MIRVANO","14.55","11.93","3"
"SPZ-1800-TDR","NARROW V-BELT SPZ-1800 TANDREL","BLT","NV","TANDREL","462.68","379.40","5"
"SPZ-1900-MRV","NARROW V-BELT SPZ-1900 MIRVANO","BLT","NV","MIRVANO","17.75","14.56","3"
"SPZ-2000-MRV","NARROW V-BELT SPZ-2000 MIRVANO","BLT","NV","MIRVANO","16.87","13.83","3"
"SPZ-2100-MRV","NARROW V-BELT SPZ-2100 MIRVANO","BLT","NV","MIRVANO","15.34","12.58","3"
"SPZ-2200-TDR","NARROW V-BELT SPZ-2200 TANDREL","BLT","NV","TANDREL","690.85","566.50","5"
"SPZ-2300-MRV","NARROW V-BELT SPZ-2300 MIRVANO","BLT","NV","MIRVANO","23.56","19.32","3"
"SPZ-2400-MRV","NARROW V-BELT SPZ-2400 MIRVANO","BLT","NV","MIRVANO","18.06","14.81","3"
"SPZ-2500-MRV","NARROW V-BELT SPZ-2500 MIRVANO","BLT","NV","MIRVANO","22.37","18.34","3"
"SPZ-600-MRV","NARROW V-BELT SPZ-600 MIRVANO","BLT","NV","MIRVANO","4.65","3.81","3"
"SPZ-800-MRV","NARROW V-BELT SPZ-800 MIRVANO","BLT","NV","MIRVANO","8.45","6.93","3"
"XPZ-1000-MRV","NARROW V-BELT XPZ-1000 MIRVANO","BLT","NV","MIRVANO","7.91","6.49","3"
"XPZ-1100-MRV","NARROW V-BELT XPZ-1100 MIRVANO","BLT","NV","MIRVANO","12.97","10.64","3"
"XPZ-1300-MRV","NARROW V-BELT XPZ-1300 MIRVANO","BLT","NV","MIRVANO","8.18","6.71","3"
"XPZ-1400-MRV","NARROW V-BELT XPZ-1400 MIRVANO","BLT","NV","MIRVANO","9.38","7.69","3"
"XPZ-1500-MRV","NARROW V-BELT XPZ-1500 MIRVANO","BLT","NV","MIRVANO","12.37","10.14","3"
"XPZ-1600-MRV","NARROW V-BELT XPZ-1600 MIRVANO","BLT","NV","MIRVANO","19.95","16.36","3"
"XPZ-1700-MRV","NARROW V-BELT XPZ-1700 MIRVANO","BLT","NV","MIRVANO","15.39","12.62","3"
"XPZ-1900-MRV","NARROW V-BELT XPZ-1900 MIRVANO","BLT","NV","MIRVANO","19.86","16.29","3"
"XPZ-2100-TDR","NARROW V-BELT XPZ-2100 TANDREL","BLT","NV","TANDREL","459.32","376.64","5"
"XPZ-2200-MRV","NARROW V-BELT XPZ-2200 MIRVANO","BLT","NV","MIRVANO","18.82","15.43","3"
"XPZ-2200-TDR","NARROW V-BELT XPZ-2200 TANDREL","BLT","NV","TANDREL","482.20","395.40","5"
"XPZ-2300-TDR","NARROW V-BELT XPZ-2300 TANDREL","BLT","NV","TANDREL","664.30","544.73","5"
"XPZ-2500-MRV","NARROW V-BELT XPZ-2500 MIRVANO","BLT","NV","MIRVANO","20.85","17.10","3"
"XPZ-600-MRV","NARROW V-BELT XPZ-600 MIRVANO","BLT","NV","MIRVANO","7.49","6.14","3"
"XPZ-600-TDR","NARROW V-BELT XPZ-600 TANDREL","BLT","NV","TANDREL","100.97","82.80","5"
"XPZ-700-MRV","NARROW V-BELT XPZ-700 MIRVANO","BLT","NV","MIRVANO","6.36","5.22","3"
"XPZ-900-MRV","NARROW V-BELT XPZ-900 MIRVANO","BLT","NV","MIRVANO","8.78","7.20","3"
"Z-20-TDR","CLASSIC V-BELT Z-20 TANDREL","BLT","VB","TANDREL","66.40","54.45","5"
"Z-24-MRV","CLASSIC V-BELT Z-24 MIRVANO","BLT","VB","MIRVANO","3.64","2.98","3"
"Z-28-MRV","CLASSIC V-BELT Z-28 MIRVANO","BLT","VB","MIRVANO","2.67","2.19","3"
"Z-32-MRV","CLASSIC V-BELT Z-32 MIRVANO","BLT","VB","MIRVANO","3.10","2.54","3"
"Z-40-MRV","CLASSIC V-BELT Z-40 MIRVANO","BLT","VB","MIRVANO","6.10","5.00","3"
"Z-40-TDR","CLASSIC V-BELT Z-40 TANDREL","BLT","VB","TANDREL","157.41","129.08","5"
"Z-48-TDR","CLASSIC V-BELT Z-48 TANDREL","BLT","VB","TANDREL","179.87","147.49","5"
"Z-52-MRV","CLASSIC V-BELT Z-52 MIRVANO","BLT","VB","MIRVANO","3.96","3.25","3"
"Z-80-MRV","CLASSIC V-BELT Z-80 MIRVANO","BLT","VB","MIRVANO","8.36","6.86","3"
