STOK_KODU,DEPO1_BAKIYE,DEPO2_BAKIYE
" 50x67x12-NBR-TDR","129","0"
" 6009-ZZ-KDX","110","3"
" 6910-2RS-C3-VRN","17","0"
"100x112x7-NBR-ORL","65","0"
"100x115x10-FKM-ORL","78","1"
"100x120x12-NBR-ORL","166","0"
"100x122x12-NBR-ORL","154","2"
"100x122x7-FKM-TDR","41","0"
"100x125x10-FKM-ORL","47","0"
"100x125x7-FKM-ORL","60","0"
"100x125x7-FKM-TDR","246","0"
"105x117x8-NBR-TDR","38","1"
"105x120x10-FKM-ORL","276","0"
"105x120x10-NBR-ORL","120","0"
"105x122x12-NBR-ORL","215","0"
"105x125x10-NBR-ORL","67","0"
"105x125x12-NBR-ORL","12","0"
"105x130x12-NBR-ORL","65","0"
"10x22x7-FKM-TDR","183","0"
"10x27x12-NBR-ORL","182","0"
"10x27x8-FKM-ORL","36","0"
"10x30x10-FKM-TDR","36","0"
"10x30x7-FKM-ORL","103","0"
"10x32x10-NBR-TDR","18","0"
"10x32x7-NBR-ORL","137","0"
"10x35x12-NBR-ORL","82","0"
"10x35x12-NBR-TDR","12","0"
"10x35x8-FKM-ORL","171","3"
"110x125x10-FKM-TDR","123","3"
"110x125x10-NBR-ORL","33","0"
"110x125x10-NBR-TDR","80","0"
"110x127x8-NBR-ORL","255","0"
"110x130x8-FKM-TDR","0","0"
"110x135x8-FKM-ORL","70","0"
"110x140x10-FKM-TDR","224","0"
"110x140x10-NBR-ORL","0","0"
"110x140x7-NBR-ORL","4","0"
"115x135x12-FKM-ORL","144","0"
"115x135x12-NBR-ORL","98","3"
"115x135x12-NBR-TDR","204","0"
"115x137x12-NBR-ORL","72","0"
"115x137x12-NBR-TDR","23","0"
"115x145x10-NBR-ORL","62","0"
"1205-KDX","12","0"
"1205-TDR","66","0"
"1206-VRN","16","0"
"1207-TDR","5","0"
"1208-TDR","59","1"
"1209-VRN","67","2"
"120x132x7-NBR-ORL","142","3"
"120x137x12-FKM-ORL","156","0"
"120x137x7-NBR-ORL","251","0"
"120x137x8-NBR-TDR","153","1"
"120x140x8-FKM-TDR","14","0"
"120x142x7-FKM-ORL","107","0"
"120x142x7-NBR-TDR","55","0"
"1210-VRN","-3","1"
"15x32x12-NBR-ORL","221","3"
"15x35x12-NBR-TDR","-7","0"
"15x35x7-FKM-ORL","-4","0"
"15x35x7-FKM-TDR","130","0"
"15x35x7-NBR-ORL","38","0"
"15x35x7-NBR-TDR","45","1"
"15x40x7-NBR-ORL","116","0"
"15Ã—30Ã—12-NBR-TDR","41","0"
"20x32x7-NBR-ORL","72","0"
"20x45x8-FKM-ORL","89","0"
"20x50x12-NBR-ORL","157","3"
"2205-ZLT","45","0"
"2206--VRN","105","3"
"2207-VRN","180","0"
"2209-VRN","17","0"
"2210-KDX","37","0"
"25x37x12-FKM-TDR","64","0"
"25x40x7-FKM-ORL","4","0"
"25x42x12-NBR-TDR","173","0"
"25x42x7-NBR-ORL","30","0"
"25x42x8-FKM-ORL","118","0"
"25x42x8-FKM-TDR","69","0"
"25x45x7–NBR-TDR","101","0"
"25x47x10-NBR-ORL","49","0"
"25x47x7-NBR-TDR","127","0"
"25x50x8-NBR-TDR","72","0"
"25x55x10-NBR-TDR","757","0"
"30205-VRN","153","2"
"30206-TDR","33","0"
"30208-KDX","-7","1"
"30208-VRN","12","0"
"30209-KDX","35","0"
"30210-TDR","212","0"
"30212-KDX","37","2"
"30x45x8-NBR-ORL","155","0"
"30x47x12--NBR-ORL","65","0"
"30x47x8-NBR-ORL","35","0"
"30x50x10-FKM-ORL","65","3"
"30x50x10-FKM-TDR","76","3"
"30x60x7-NBR-ORL","9","0"
"32205-TDR","132","0"
"32207-ZLT","45","0"
"32208-KDX","39","1"
"32208-VRN","60","0"
"32208-ZLT","34","0"
"32209-VRN","124","0"
"32210-KDX","82","0"
"32211-VRN","-4","2"
"35x52x10-NBR-ORL","203","0"
"35x55x7-NBR-TDR","250","0"
"35x57x12-FKM-ORL","135","0"
"35x57x8--NBR-ORL","376","0"
"35x60x10-NBR-ORL","28","0"
"40x52x8-NBR-ORL","26","0"
"40x55x12-NBR-ORL","262","0"
"40x55x7-FKM-TDR","117","3"
"40x57x10-NBR-ORL","310","0"
"40x60x7-NBR-ORL","111","1"
"40x60x8-NBR-ORL","18","1"
"40x62x10-FKM-ORL","156","0"
"40x62x10-FKM-TDR","73","0"
"40x62x10-NBR-TDR","44","0"
"40x65x8-FKM-ORL","6","0"
"45x57x7-FKM-ORL","81","0"
"45x57x7-FKM-TDR","14","0"
"45x57x7-NBR-ORL","49","0"
"45x57x8-NBR-ORL","69","0"
"45x75x7-NBR-ORL","311","0"
"45x75x8-FKM-TDR","23","0"
"50x65x12-NBR-ORL","271","0"
"50x65x8-NBR-TDR","196","1"
"50x67x8-NBR-TDR","14","0"
"50x75x10-NBR-TDR","31","0"
"50x75x12-FKM-ORL","115","1"
"50x80x10-NBR-ORL","140","0"
"55x67x12-NBR-ORL","33","0"
"55x72x12-NBR-ORL ","39","0"
"55x72x7-NBR-ORL","27","2"
"55x72x8-NBR-ORL","14","0"
"55x77x10-FKM-ORL","61","0"
"55x77x8-NBR-TDR","-8","0"
"6000-2RS-C3-KDX","-3","0"
"6000-2RS-C3-ZLT","40","0"
"6000-2RS-TDR","33","3"
"6000-2RS-VRN","15","0"
"6000-KDX","211","0"
"6000-ZZ-KDX","65","0"
"6001-TDR","45","0"
"6001-ZZ-KDX","95","0"
"6001-ZZ-TDR","0","0"
"6001-ZZ-VRN","156","2"
"6001-ZZ-ZLT","44","0"
"6002-2RS-C3-KDX","127","0"
"6002-2RS-VRN","16","0"
"6002-KDX","65","10"
"6002-ZZ-VRN","64","0"
"6003-2RS-C3-ZLT","24","2"
"6003-2RS-VRN","0","0"
"6003-ZLT ","32","2"
"6003-ZZ-KDX","-8","3"
"6004--2RS-VRN","417","0"
"6004-2RS-KDX","55","0"
"6004-2RS-TDR","37","0"
"6004-2RS-ZLT","5","0"
"6004-VRN","12","0"
"6004-ZZ-VRN","6","0"
"6005--2RS-VRN","38","0"
"6005-2RS-C3-VRN","11","0"
"6005-TDR","27","1"
"6005-VRN","18","0"
"6005-ZZ-KDX","-4","0"
"6005-ZZ-TDR","21","0"
"6005-ZZ-VRN","37","0"
"6006-2RS-C3-KDX","26","0"
"6006-ZZ-TDR","36","0"
"6007-2RS-C3-VRN","154","0"
"6007-KDX","98","0"
"6007-ZZ-KDX","31","0"
"6008-2RS-ZLT","18","0"
"6008-VRN","62","0"
"6008-ZZ-KDX","239","0"
"6009-2RS-C3-KDX","41","0"
"6009-2RS-TDR","0","0"
"6009-VRN","13","0"
"6009-ZZ-VRN","70","0"
"6010-2RS-C3-TDR","26","0"
"6010-2RS-TDR","76","0"
"6010-2RS-VRN","133","0"
"6010-KDX","78","0"
"6010-ZZ-VRN","58","0"
"6011-2RS-C3-VRN","66","0"
"6011-2RS-KDX ","-22","3"
"6011-KDX","30","0"
"6011-TDR","47","0"
"6011-VRN","29","0"
"6011-ZLT","172","0"
"6011-ZZ-VRN","155","0"
"6012-2RS-C3-ZLT","114","0"
"6012-2RS-KDX","152","0"
"6012-TDR","35","0"
"6012-ZZ-TDR","79","0"
"60x72x8-FKM-ORL","105","0"
"60x75x12-NBR-ORL","237","0"
"60x82x10-NBR-ORL","75","0"
"60x82x12-NBR-TDR","56","0"
"60x82x7-FKM-ORL","128","0"
"60x85x10-FKM-TDR","59","0"
"60x85x12-FKM-ORL","30","3"
"60x85x12-NBR-ORL","118","0"
"60x90x12-NBR-ORL","70","1"
"60Ã—85Ã—12-FKM-TDR","164","0"
"6200-VRN","254","2"
"6200-ZLT","149","0"
"6200-ZZ-KDX","101","0"
"6201-2RS-C3-VRN","233","0"
"6201-TDR","49","0"
"6201-ZZ-VRN","100","0"
"6202--ZZ-KDX","68","0"
"6202-2RS-C3-KDX","22","2"
"6202-2RS-C3-TDR","24","0"
"6202-2RS-C3-VRN","5","0"
"6202-2RS-KDX","51","0"
"6202-VRN","378","0"
"6203-2RS-C3-KDX","19","3"
"6203-2RS-C3-VRN","0","0"
"6203-2RS-TDR","49","1"
"6203-VRN","12","0"
"6203-ZZ-VRN","0","0"
"6204-2RS-C3-KDX","291","0"
"6204-2RS-TDR","163","0"
"6204-KDX","0","0"
"6204-ZZ-VRN","13","0"
"6205-2RS-C3-TDR","70","0"
"6205-2RS-VRN","4","0"
"6205-ZZ-VRN","20","0"
"6206-2RS-C3-KDX","27","0"
"6206-2RS-C3-VRN","29","0"
"6206-2RS-C3-ZLT","77","0"
"6206-KDX","77","0"
"6206-VRN","106","0"
"6206-ZLT","29","0"
"6207-2RS-C3-KDX","62","0"
"6207-2RS-KDX","0","0"
"6207-KDX","10","0"
"6207-ZZ-KDX","167","0"
"6208-2RS-C3-VRN","29","0"
"6208-KDX","52","0"
"6209-2RS-C3-TDR","2","0"
"6209-2RS-KDX","42","0"
"6209-VRN","80","0"
"6209-ZZ-KDX","79","0"
"6210-2RS-C3-TDR","41","0"
"6210-2RS-TDR","110","0"
"6210-KDX","35","0"
"6211-2RS-C3-TDR","4","0"
"6211-VRN","0","0"
"6212-2RS-C3-ZLT","24","0"
"6212-KDX","33","1"
"6212-ZZ-VRN","176","0"
"6213-2RS-C3-KDX","0","0"
"6213-ZZ-VRN","54","0"
"6214-2RS-C3-ZLT","29","1"
"6214-2RS-TDR","13","1"
"6214-VRN","118","3"
"6214-ZZ-TDR","91","2"
"6215-2RS-C3-TDR","0","0"
"6215-2RS-TDR","0","0"
"6215-2RS-VRN","139","3"
"6215-2RS-ZLT","27","0"
"6215-KDX","35","0"
"6215-TDR","30","0"
"6215-VRN","44","0"
"6215-ZLT","98","1"
"6215-ZZ-VRN","57","0"
"6300-2RS-TDR","27","0"
"6300-ZLT","110","0"
"6300-ZZ-TDR","54","1"
"6301-2RS-C3-KDX","114","0"
"6301-2RS-KDX","60","3"
"6301-ZZ-VRN","126","0"
"6302-2RS-C3-TDR","94","0"
"6302-2RS-TDR","104","0"
"6302-ZLT","81","0"
"6302-ZZ-VRN","118","2"
"6303-2RS-C3-KDX","55","0"
"6303-2RS-VRN","28","0"
"6303-VRN","32","0"
"6303-ZZ-KDX","53","0"
"6303-ZZ-VRN","129","0"
"6303-ZZ-ZLT","54","0"
"6304-2RS-C3-ZLT","59","0"
"6304-2RS-VRN","53","0"
"6304-TDR","6","1"
"6304-ZZ-ZLT","56","0"
"6305-2RS-KDX","68","0"
"6305-KDX","10","0"
"6305-TDR","60","0"
"6305-VRN","279","0"
"6305-ZLT","84","0"
"6305-ZZ-VRN","23","1"
"6306-2RS-C3-VRN","8","2"
"6306-2RS-TDR","59","2"
"6306-TDR","62","2"
"6306-VRN","59","0"
"6306-ZZ-TDR","23","0"
"6307-2RS-C3-VRN ","0","0"
"6307-ZZ-VRN","69","0"
"6308-KDX","45","0"
"6308-ZZ-VRN","251","0"
"6309-2RS-C3-TDR","31","0"
"6309-2RS-C3-VRN","6","0"
"6309-2RS-VRN","130","0"
"6309-KDX","13","2"
"6309-ZZ-TDR","42","0"
"6310-2RS-C3-KDX","0","0"
"6310-2RS-C3-TDR","50","0"
"6310-2RS-C3-VRN","20","0"
"6310-2RS-C3-ZLT","19","0"
"6310-KDX ","21","0"
"6310-ZZ-KDX","60","0"
"6311-2RS-C3-VRN","5","1"
"6311-2RS-TDR","45","0"
"6311-VRN","26","0"
"6312-2RS-C3-VRN","92","0"
"6312-2RS-VRN","24","0"
"6312-KDX","43","0"
"6312-ZZ-TDR","38","0"
"65x77x12-NBR-ORL","0","0"
"65x77x8-FKM-ORL","253","0"
"65x85x12-NBR-ORL","10","0"
"65x85x7-NBR-ORL","226","2"
"65x87x7-NBR-ORL","225","0"
"65x90x12-NBR-ORL","124","0"
"65x95x12-NBR-TDR","33","1"
"65x95x7-NBR-ORL","44","0"
"6800-2RS-C3-KDX","93","3"
"6800-2RS-VRN","32","0"
"6800-VRN","44","0"
"6800-ZZ-ZLT","72","0"
"6801-2RS-C3-KDX","22","0"
"6801-2RS-TDR","46","0"
"6801-KDX","0","0"
"6801-ZZ-TDR","7","0"
"6802-2RS-C3-TDR","68","0"
"6802-2RS-ZLT","284","0"
"6803-2RS-C3-VRN","3","0"
"6803-2RS-VRN","59","0"
"6803-TDR","37","0"
"6803-ZZ-TDR","93","0"
"6804--VRN","47","0"
"6804-2RS-C3-KDX","30","0"
"6804-2RS-TDR","30","0"
"6804-ZZ-KDX","189","0"
"6805-2RS-C3-VRN","37","0"
"6805-2RS-VRN","54","0"
"6805-ZLT","26","0"
"6805-ZZ-KDX","19","2"
"6805-ZZ-VRN","0","0"
"6805-ZZ-ZLT","39","2"
"6806-2RS-C3-VRN","94","3"
"6806-KDX","94","3"
"6806-TDR","138","0"
"6806-VRN","85","3"
"6806-ZLT","122","0"
"6806-ZZ-KDX","41","2"
"6807-2RS-C3-TDR","0","0"
"6807-2RS-TDR","105","0"
"6807-2RS-VRN","26","0"
"6807-KDX","38","0"
"6808--2RS-C3-VRN","37","0"
"6808-2RS-KDX","44","0"
"6808-KDX","376","0"
"6808-TDR","184","0"
"6808-VRN","32","0"
"6808-ZZ-KDX","0","0"
"6808-ZZ-VRN","21","2"
"6809-2RS-C3-VRN","20","0"
"6809-2RS-TDR","165","0"
"6809-VRN","60","0"
"6810-2RS-C3-TDR","94","0"
"6810-2RS-ZLT","97","0"
"6810-KDX","17","0"
"6810-VRN","98","0"
"6810-ZZ-VRN","24","0"
"6900-2RS-C3-VRN","27","0"
"6900-2RS-VRN","229","0"
"6900-KDX","39","1"
"6900-ZZ-VRN","48","1"
"6901-2RS-C3-VRN ","90","0"
"6901-2RS-KDX","42","0"
"6901-VRN","4","0"
"6902-2RS-C3-TDR","219","0"
"6902-2RS-TDR","67","3"
"6902-2RS-VRN","172","3"
"6902-VRN","8","2"
"6902-ZZ-KDX","279","3"
"6903-2RS-C3-TDR","73","0"
"6903-ZZ-VRN","22","2"
"6903–2RS-KDX","3","0"
"6904-2RS-C3-VRN","72","0"
"6904-2RS-C3-ZLT","0","0"
"6904-VRN ","101","0"
"6905--2RS-TDR","243","0"
"6905-KDX","0","0"
"6905-ZZ-ZLT","100","0"
"6906-2RS-C3-TDR","71","0"
"6906-2RS-VRN","26","0"
"6906-VRN","0","0"
"6906-ZZ-TDR","0","0"
"6907-2RS-C3-TDR","43","0"
"6907-ZZ-KDX","30","0"
"6908-2RS-C3-KDX","25","0"
"6908-2RS-KDX","106","2"
"6908-ZLT","64","0"
"6908-ZZ-TDR","-15","0"
"6909-2RS-C3-TDR","20","0"
"6909-2RS-ZLT","18","0"
"6909-TDR","380","0"
"6909-VRN","60","0"
"6909-ZZ-KDX","19","1"
"6909-ZZ-VRN","108","0"
"6910--ZZ-ZLT","172","3"
"6910-2RS-KDX","0","0"
"6910-ZZ-TDR","80","0"
"70x82x12-NBR-ORL","174","2"
"70x85x12-NBR-ORL","117","0"
"70x85x7-FKM-ORL","59","0"
"70x90x12-NBR-TDR","26","0"
"70x95x7-NBR-ORL","244","1"
"70x95x8-NBR-ORL","59","0"
"75x105x8-FKM-ORL","427","0"
"75x92x8-FKM-TDR","0","0"
"75x95x12-NBR-TDR","0","0"
"75x97x8-NBR-ORL","31","0"
"80x102x10-FKM-ORL","36","0"
"80x102x10-FKM-TDR","93","0"
"80x102x10-NBR-ORL","-16","0"
"80x102x10-NBR-TDR","145","0"
"80x105x10-FKM-ORL","48","0"
"80x92x7-FKM-TDR","77","0"
"80x95x8-FKM-ORL","150","0"
"80x95x8-NBR-ORL","82","3"
"80x95x8-NBR-TDR","385","0"
"80x97x8-NBR-TDR","130","0"
"85x105x12-NBR-TDR","39","1"
"85x110x8-NBR-ORL","34","0"
"85x115x12-NBR-ORL","34","0"
"85x115x7-FKM-TDR","70","0"
"85x97x10-FKM-ORL","59","0"
"90x105x12-FKM-ORL","120","0"
"90x105x7-NBR-ORL","70","0"
"90x107x10-NBR-TDR","95","0"
"90x120x8-FKM-ORL","120","0"
"95x107x10-NBR-ORL","126","0"
"95x107x8-NBR-ORL","174","1"
"95x110x8-FKM-ORL","0","0"
"95x117x12-NBR-ORL","39","0"
"95x117x8-NBR-TDR","0","0"
"95x120x7-NBR-TDR","319","0"
"95x125x10-NBR-TDR","152","0"
"A--80-MRV","22","0"
"A-24-MRV","28","2"
"A-32-MRV","16","0"
"A-40-MRV","80","0"
"A-40-TDR","9","0"
"A-48-MRV","84","0"
"A-48-TDR","41","0"
"A-52-MRV","33","0"
"A-52-TDR","54","0"
"A-56-TDR","0","0"
"A-60-MRV","19","0"
"A-64-TDR","59","0"
"A-72-MRV","0","0"
"A-76-TDR","23","0"
"B-28-TDR","112","0"
"B-40-MRV","34","0"
"B-40-TDR","0","0"
"B-48-MRV","29","1"
"B-52-MRV","27","0"
"B-60-MRV","36","0"
"B-60-TDR","34","0"
"B-64-MRV","19","0"
"B-68-TDR","24","0"
"B-76-MRV","8","0"
"B-80-MRV","88","0"
"NJ205-TDR","12","0"
"NJ206-TDR ","40","0"
"NJ208-VRN","30","0"
"NJ209-VRN","58","0"
"NJ210-KDX","0","0"
"NJ211-VRN","26","3"
"NJ212-VRN","35","0"
"NU205-ZLT","6","2"
"NU206-VRN","26","0"
"NU208-KDX","44","0"
"NU209-VRN","60","0"
"NU210-KDX","22","0"
"NU210-TDR","74","0"
"NU210-VRN","189","0"
"NU211-KDX","159","0"
"NU211-TDR","230","0"
"NU212-KDX","38","0"
"NU212-TDR","164","0"
"NU212-VRN","25","0"
"SPA-1000-TDR","12","0"
"SPA-1100-MRV","57","0"
"SPA-1200-MRV","25","0"
"SPA-1200-TDR","37","0"
"SPA-1300-MRV","34","0"
"SPA-1500-TDR","1","0"
"SPA-1600-MRV","47","0"
"SPA-1700-TDR","37","0"
"SPA-1800-TDR","0","0"
"SPA-2100-MRV","21","0"
"SPA-2200-TDR","74","0"
"SPA-2300-TDR","31","2"
"SPA-2400-MRV","-14","0"
"SPA–1400-MRV","17","0"
"SPB--1800-MRV","6","0"
"SPB-1000-MRV","42","0"
"SPB-1100-MRV ","23","0"
"SPB-1300-MRV","11","0"
"SPB-1400-MRV","19","0"
"SPB-1500-MRV","26","0"
"SPB-1600-MRV","15","0"
"SPB-1700-TDR","0","0"
"SPB-2000-MRV","133","0"
"SPB-2300-MRV","33","0"
"SPB-2400-MRV","-5","0"
"SPB-600-TDR","13","0"
"SPB-700-MRV","52","0"
"SPB-800-MRV","2","3"
"SPB-900-MRV","10","0"
"SPZ-1000-MRV","39","0"
"SPZ-1100-TDR","22","2"
"SPZ-1400-MRV ","88","0"
"SPZ-1500-MRV","12","0"
"SPZ-1600-MRV","41","0"
"SPZ-1700-MRV","4","0"
"SPZ-1800-TDR","0","0"
"SPZ-1900-MRV","17","0"
"SPZ-2000-MRV","294","0"
"SPZ-2100-MRV","86","0"
"SPZ-2200-TDR","22","0"
"SPZ-2300-MRV","30","0"
"SPZ-2400-MRV","128","1"
"SPZ-600-MRV","7","0"
"SPZ-800-MRV","7","2"
"XPZ-1000-MRV","17","3"
"XPZ-1100-MRV","13","0"
"XPZ-1300-MRV","80","0"
"XPZ-1400-MRV","65","1"
"XPZ-1500-MRV","61","0"
"XPZ-1600-MRV","0","0"
"XPZ-1700-MRV","19","0"
"XPZ-1900-MRV","0","0"
"XPZ-2100-TDR","0","0"
"XPZ-2200-MRV","16","3"
"XPZ-2200-TDR","0","0"
"XPZ-2300-TDR","-6","0"
"XPZ-2500-MRV","298","2"
"XPZ-600-TDR","47","0"
"XPZ-700-MRV","131","0"
"XPZ-900-MRV","14","0"
"Z-20-TDR","49","1"
"Z-24-MRV","35","0"
"Z-28-MRV","92","3"
"Z-32-MRV","25","0"
"Z-40-MRV","57","0"
"Z-40-TDR","55","0"
"Z-48-TDR","82","3"
"Z-52-MRV","8","2"
"Z-80-MRV","22","0"
